Ticker,avg_volume,downside_vol,macd,return_6m,return_mean,return_total,rsi,sharpe,skewness,sortino,var_95,vol_stability,volatility,volume_stability,company,sector
ACA,12.446713423647783,0.22700286851531112,2.6039206072452146,0.23410168719818492,0.23177813661119476,0.4137473467707542,52.71542371363512,0.6851097564643782,0.4120875944377301,1.021036157503717,0.02700407513487387,0.35662527779667585,0.33830803666747356,0.468393919519795,Arcosa Inc.,Industrials
ACN,14.976328335866253,0.20571087785207842,0.4155448906634547,-0.20501160991650946,-0.11738205869902028,-0.2604862988657244,48.087146782090336,-0.44479436492910024,-0.41671688998869516,-0.5706166826210659,0.02537824097487705,0.29983796788277367,0.26390185657529824,0.5374717672479727,Accenture plc Class A (Ireland),Technology
ADNT,14.048222902008703,0.3363732550167488,-0.9834072061677723,0.2827949233093785,-0.1680748171030389,-0.4152644291387855,47.742020974315245,-0.37203017191061066,-0.2895315604802355,-0.4996676001921439,0.047966045989110015,0.32051541054100097,0.45177738203293627,0.9411636912842474,Adient plc,Consumer Cyclical
AI,15.690880577922208,0.41961979468845106,-0.9143883069338283,-0.4213055584051648,-0.16544244445666595,-0.5322110684758555,52.48618336144733,-0.24854346335557803,0.8775283481897819,-0.3942674929801621,0.057005468513379384,0.36202231055588224,0.6656479402959641,0.9697981119564112,Arlington Asset Investment Corp Class A (new),Financial Services
ALK,14.87449708078967,0.31106923044311025,-1.3161220113415695,-0.15795679124762996,0.13928963886950857,0.07878180478677943,52.01453845862337,0.3083181165647395,0.669041478263511,0.44777697450530224,0.04148363352824014,0.42133676733037884,0.45177247584885605,0.8105258939582063,Alaska Air Group Inc.,Industrials
ALV,13.482230939509725,0.20124356313188105,-0.8259941574771403,0.16464318139509282,0.09981178418039226,0.12328633697040203,47.341254332229994,0.3483020930658985,-0.18999432940871125,0.49597503953446975,0.02908360689175895,0.30659466452404277,0.2865667079454155,0.5126890943814405,Autoliv Inc.,Consumer Cyclical
ALX,10.158277046885775,0.2080699596844588,-5.437282676262669,-0.07413718511664702,0.10748113590979445,0.14297268238931538,49.518598948807174,0.38155738720193877,-0.744356651448324,0.5165624873133594,0.02401527271074168,0.31137977039719855,0.28169061723056144,1.1005851791603043,Alexander's Inc.,Real Estate
AMN,13.678902895613177,0.43252445575215925,-0.7051190799206033,-0.1798029436309837,-0.5615756999492154,-0.7594278306779267,50.06020187785365,-1.0239482068637817,-1.4150631434952223,-1.2983675084282489,0.04712292132942682,0.36164696862937656,0.5484415092334091,0.636366113016702,AMN Healthcare Services Inc,Healthcare
AMRX,14.234596743234475,0.19937562141872633,0.477390211834269,0.6873315807318745,0.5696356397145043,1.686695465176157,55.34808346354721,1.5087943156091466,0.9386283136571533,2.8570977517765934,0.03222579989633462,0.2937262427682883,0.3775436014182787,0.5112270555590687,Amneal Pharmaceuticals Inc. Class A,Healthcare
AN,13.016147384819329,0.1900292136924762,1.1519238954490731,0.16246698763069345,0.25470271747591117,0.5078140721027644,50.79078354541381,0.825694826401973,0.4071115356133504,1.340334533447557,0.03007377180661587,0.27752245756777444,0.3084707682931687,0.4517011928974364,AutoNation Inc.,Consumer Cyclical
APAM,13.094340375217904,0.19144508507367916,-0.7328882037103241,0.033898321200369175,0.08539373415465332,0.08416103925678531,50.48030984321276,0.28539291523331517,0.21581845023204435,0.44604819247142785,0.02779028177068588,0.30761793204987414,0.29921462515928965,0.4709064092053795,Artisan Partners Asset Management Inc. Class A,Financial Services
AQN,15.752439121638108,0.21038014074284667,0.07796621126372294,0.14711359007241054,0.03697758473749216,-0.025316506313829534,49.378637839624105,0.11633767532749087,0.9239154443563318,0.17576556706790525,0.03036364934139563,0.4042494229154667,0.31784703135420367,0.6623027771171696,Algonquin Power & Utilities Corp.,Utilities
ASGN,12.946359581464844,0.2461659970992108,-0.4944831032631214,-0.12973709862334526,-0.2989327217417081,-0.5121924790390089,50.76793316283132,-0.8399156918190664,0.06484589976497177,-1.2143542376457095,0.03588822177773484,0.32707912395777755,0.35590800916492915,0.5758635454348724,ASGN Incorporated,Industrials
ASH,13.194895365490146,0.2449262517238743,0.5139612722112048,0.09410554695659701,-0.1661762125624985,-0.3569170902977683,49.350915113319374,-0.49212601514633514,0.5159135597273555,-0.6784744852497181,0.02953784091917592,0.4602755308083031,0.3376700427289655,0.615337816656285,Ashland Global Holdings Inc.,Basic Materials
ASIX,12.102414014178676,0.28708677103819275,-1.1048358258821231,-0.3451063683692426,-0.1963781537268761,-0.4231634120207559,48.254765726417354,-0.48854727403471343,-0.30490038519945883,-0.6840376274278093,0.03819206330990864,0.30048798954641565,0.40196346221537316,0.6315852986333939,AdvanSix Inc.,Basic Materials
ASX,15.921190102868866,0.2671759199676299,0.26634486219344744,0.5853657821261782,0.34829030000277994,0.7105263387612717,50.68151340115141,0.8859686743978412,0.0680274058054773,1.3035991418874036,0.03520031139449182,0.2899532047708259,0.39311807524063924,0.46997290517472945,ASE Technology Holding Co. Ltd. American Depositary Shares (each representing Two),Technology
AVX,12.869070431433203,0.7935049087962165,-0.3344884392230756,-0.8390522822346215,-1.9309771453029407,-0.9971572871160026,55.64193394444102,-1.2256947771162747,5.760370140160745,-2.433478512731978,0.1300434467417432,0.6759097713259378,1.5754143538459084,14.151939589653123,AVX Corporation,Technology
AXR,9.59849654096171,0.3699509328481541,-0.35158751149678125,0.10470943128517751,0.25847849609880547,0.26869967214014023,53.4732622660812,0.49118475873157363,0.1411813087395871,0.6986831851155181,0.04687832887400673,0.30908561126077955,0.5262347650328066,0.987921923103336,AMREP Corporation,Industrials
BBDO,10.629706774156267,0.24517869601981002,0.06109995707066895,0.23938229518301446,0.11728499868190731,0.0918367264189015,51.5295575867207,0.30649907946757626,0.22946242556299074,0.4783653742592337,0.03691407934320982,0.30186910786393206,0.38266019880270014,1.2337761184313787,Banco Bradesco Sa American Depositary Shares (each representing one),Financial Services
BBU,10.069451042717265,0.2398713769321838,0.02044159228641007,0.3991158580175145,0.4191683036156695,1.0086555987616368,52.46122656575587,1.1448718027696037,0.18996254590071907,1.7474711196333206,0.03101196149817299,0.31365546900092905,0.3661268472169925,1.3401149113978232,Brookfield Business Partners L.P. Limited Partnership Units,Industrials
BCC,12.721779536503574,0.23361922601959184,0.2892884495331316,-0.10432336226832506,-0.12404079835919532,-0.3216478487605383,51.8460533462725,-0.3264724715027316,0.24206930176802263,-0.5309528692163075,0.0363050327482599,0.22271869893102297,0.3799425960426114,0.6577523845226145,Boise Cascade L.L.C.,Basic Materials
BDX,14.476913478909465,0.2258938318703713,2.2836633123614547,0.14533654818796293,-0.07146815676637011,-0.1856453126024722,50.407551192541526,-0.2864800022861513,-3.017713956934773,-0.3163794078599807,0.01961587990138284,0.5230721534491919,0.24946996717412745,0.6052604049510123,Becton Dickinson and Company,Healthcare
BGY,12.401835955814136,0.12378953336816688,-0.03505813082731102,-0.013698616715035361,0.06625665749381549,0.11196919300463448,46.48527587338767,0.4170708846910649,-0.6891839229606606,0.5352363458448396,0.015687632778419277,0.4141389502900481,0.15886186239754782,0.6411577806942123,Blackrock Enhanced International Dividend Trust,Financial Services
BIT,12.12503177318933,0.09651245899105797,-0.039066929464370403,-0.07282913034317062,-0.062397831359615366,-0.12607260036336487,43.853085329534714,-0.5889911922078787,-1.7027512372179177,-0.6465261792303585,0.00969539773286359,0.5517570282010019,0.10594017734919313,0.8881455100633093,BlackRock Multi-Sector Income Trust of Beneficial Interest,Financial Services
BLK,13.391180622687896,0.17452811759116885,-23.954918589758336,0.07078229675327541,0.19179259343827007,0.3846765156788503,49.957028713419575,0.8193448566673328,-0.09588776252552773,1.0989208849862413,0.02194782921012825,0.4152263333515332,0.23408042642554958,0.5367096269263575,BlackRock Inc.,Financial Services
BMO,13.559160988896645,0.1772442097484305,-0.4103231061136938,0.16938620934248827,0.22469826805062584,0.497625212838545,48.397363273349534,1.1108506809657412,-1.3400784974575615,1.2677326292889832,0.01799661002977229,0.3982885049211768,0.20227585210217428,0.793628731746401,Bank Of Montreal,Financial Services
BOE,11.93321350197003,0.10917338807088335,-0.04180433214121848,0.03753352028986523,0.08821429414417614,0.1680080630576346,49.7532380561569,0.6306220004338866,-0.08352852736723776,0.8080201201312994,0.012273340414185369,0.5389452049977344,0.1398845807527839,0.39273203507243754,Blackrock Enhanced Global Dividend Trust of Beneficial Interest,Financial Services
BOH,12.836190565445731,0.17978392147622463,0.29253989439872896,-0.00500989551077291,0.0663305125419525,0.0469648963749032,55.107118534745645,0.22475442392361888,0.6358027549731967,0.3689457432973189,0.030021936360896468,0.2697678950860371,0.29512439125333717,0.6035261168510742,Bank of Hawaii Corporation,Financial Services
BP,16.024167909146104,0.19775854788891434,0.3003951558851341,0.22041915372655962,0.033256187426328514,0.003335156570636766,46.80309503786773,0.13265646610056003,-0.5687614453184959,0.16816561297269084,0.023102273087234587,0.36940372787290104,0.25069405513274196,0.5441292532319533,BP p.l.c.,Energy
BSL,10.847856379295077,0.06317122991005931,-0.07681388403799971,-0.033922230047823576,0.02504909917116903,0.043511425818771654,48.263305740311175,0.2974090262368604,0.0606187612441871,0.3965270140668931,0.007993294901930272,0.40364859438856887,0.08422440800844963,0.6693705092486808,Blackstone GSO Senior Floating Rate Term Fund of Beneficial Interest,Financial Services
BTI,15.421655012916329,0.16436576382766593,1.1406471225093853,0.29235515832128534,0.3275485732481287,0.8308363973542883,49.397449671636224,1.5663738120090904,-0.7167787455903446,1.992802914794084,0.018197720200795197,0.3194974919564379,0.20911264650677636,0.45919335850587206,British American Tobacco Industries p.l.c. ADR,Consumer Defensive
BXMT,14.385255444365628,0.2164956994704908,0.19924800350410266,0.0484652468131781,-0.04690661164419859,-0.15677786120879156,48.86269425130015,-0.16826404769804726,-0.8029700865727909,-0.21666301805959035,0.02857180632687939,0.31502225819331897,0.2787678787352918,0.6830262953621249,Blackstone Mortgage Trust Inc.,Real Estate
BXMX,12.075896759747579,0.12145855461317852,-0.011506002158613526,0.07623980129691321,0.07274974114023566,0.1306376632991204,44.48215364103206,0.49497592193691875,0.7809001835280754,0.5989676179823579,0.013809405982009481,0.5977243539988596,0.14697632332408103,0.5514737026483799,Nuveen S&P 500 Buy-Write Income Fund of Beneficial Interest,Financial Services
BYD,13.767176039972354,0.23698664696135452,0.14651424026858706,0.12037666121475343,0.1987953223882101,0.36490258426836975,49.522368124003776,0.6929563407012035,-0.994931100160898,0.8388460908543413,0.024233576045565187,0.3929637830602459,0.28688001063248636,0.5395582948237226,Boyd Gaming Corporation,Consumer Cyclical
CBZ,12.913912852955784,0.3457610969076216,-1.2708683175600939,-0.3197373480355391,-0.02493184464834285,-0.1665240371627108,46.82592292713622,-0.06969574767913309,-2.783540269309939,-0.07210714239203143,0.030336352878687096,0.5252032641811591,0.3577240431241897,0.6953674530594672,CBIZ Inc.,Industrials
CHD,14.355896809212862,0.14083139301799033,-0.7384955467392729,-0.1401453667721223,-0.037988919424594994,-0.10705671375099668,44.845521903009235,-0.1938790927998156,-0.10664317335454526,-0.2697475229812017,0.01937758489336627,0.29980490757650796,0.19594128936748936,0.4662387392803149,Church & Dwight Company Inc.,Consumer Defensive
CHH,13.03317581606043,0.1702058141465538,-2.536460334761088,-0.26574944513634013,-0.0724728436636915,-0.19267514687630227,48.34483331856186,-0.2709667679952034,0.3647574910965128,-0.42579534681047715,0.026704307618596948,0.2913030135866194,0.26746026533030204,0.44706967869001557,Choice Hotels International Inc.,Consumer Cyclical
CMS,14.671415244560349,0.11503763644477656,0.3810081941985999,0.07433781159155073,0.14354338862977833,0.29178082997097743,47.81222600867412,0.8509880257595567,-0.24665055756106666,1.2477950092332248,0.01819146044268323,0.21132434937524025,0.16867850578938223,0.38360056107206836,CMS Energy Corporation,Utilities
CNC,15.706243036094913,0.4758555254629652,0.9139556637292117,-0.28355490326154165,-0.2015565299541091,-0.47462604706770106,46.595552602349734,-0.43477600053622917,-5.230458570710332,-0.4235666482132628,0.03496291796026349,0.6642214262625643,0.46358706484608214,1.0655937778806575,Centene Corporation,Healthcare
COE,9.312706654788366,0.4402091838250893,-1.2447538645319511,1.1059064101677674,1.086224715376495,4.222222248980762,57.34327890446456,1.5869579296604734,0.38760616655211044,2.4675194323253615,0.05613215920832893,0.33021018241384764,0.684469761343258,1.2738055203148375,China Online Education Group American depositary shares each representing 15 Class A,Consumer Defensive
CPAC,9.125079488265783,0.22227016646380496,-0.15548180231227526,0.11666663487752338,0.22592475673255244,0.42553193216250507,50.171276091775525,0.7443634552749312,-0.20039169516004696,1.0164421088393911,0.02835845484384418,0.31148984777127625,0.30351403622993145,1.575861880962273,Cementos Pacasmayo S.A.A. American Depositary Shares (Each representing five),Basic Materials
CPRI,14.798558373145973,0.5915464246346002,0.9414557267579973,0.45804605720883873,-0.10620366550566054,-0.4760429203092219,50.27562288412417,-0.17184450062813944,-3.1910729691471706,-0.17953563927169847,0.04203969083529577,0.7950996957312456,0.6180219042067486,1.2509298323398808,Capri Holdings Limited,Consumer Cyclical
CVE,16.210483528630434,0.2510078118472001,0.17932041123665599,0.3348281358439962,0.06347264800243965,0.008469877675511439,48.285243790329694,0.18455167366256148,-0.09567236237831216,0.2528712056223905,0.03158636020645678,0.38419157768235157,0.34392886687386265,0.508268904919484,Cenovus Energy Inc,Energy
CWK,14.56600782843758,0.2577294267285968,0.14405369880409324,0.6868076017348617,0.42423728457984733,0.9522144695736776,53.99554942653042,1.0168673268780721,0.46698196504869827,1.6460568355145275,0.03620970587737337,0.28556613744718257,0.41720023189486904,0.561802352691211,Cushman & Wakefield plc,Real Estate
CWT,12.743894957172584,0.1413928927241369,-0.4392551105879221,-0.029726249776367064,-0.039814076513517455,-0.12226736047074604,50.69978416021543,-0.1742644577319576,0.08916345467218867,-0.28158470872504376,0.02277297662551679,0.18968321423011153,0.2284692876085892,0.5283046424709124,California Water Service Group,Utilities
CXW,13.865678249098101,0.2854143871016551,-0.25590879156881385,-0.1765511325622091,0.21547048032830363,0.250866171540292,53.45342377033458,0.46615485222071157,2.7006102092043665,0.7549390993088243,0.0337704884805811,0.6262215913289971,0.4622294057475224,0.6244988651705573,CoreCivic Inc.,Real Estate
DCI,13.221440634672444,0.14651707076743636,1.5707044817472422,0.29969645663863265,0.21516146511571002,0.4639309843552688,50.43270778454995,1.008739243376083,0.43638586949222474,1.4685078263489961,0.018328703649281308,0.379590271448787,0.21329740716302492,0.5297488786490273,Donaldson Company Inc.,Industrials
DDD,14.89744066966305,0.562186643599868,-0.21380469562813964,0.35947709973921715,-0.11458582596999671,-0.6413793352923125,55.823086731808125,-0.12691988352123484,0.5950482255675843,-0.20382167964052927,0.06973965382938344,0.30737482139345895,0.9028201318103595,0.9299084476984869,3D Systems Corporation,Technology
DECK,14.835785306556126,0.39007235581329336,-1.8500472932785357,-0.16169891449868612,-0.015290155479995907,-0.22900184719864036,49.44411630581978,-0.03210836074297186,-0.8953970646046454,-0.03919825450874679,0.03981398747997159,0.4228444431680378,0.4762047991921463,0.8855157629254818,Deckers Outdoor Corporation,Consumer Cyclical
DEO,13.809113741892158,0.1556417958849415,-1.2612070011847578,-0.15698902959463457,-0.19737448106347455,-0.36191407719669455,50.84368205955396,-0.8127430290202616,0.17892283224792538,-1.2681328941320107,0.02190437124009512,0.27791054886375427,0.2428497987874517,0.5217995684076608,Diageo plc,Consumer Defensive
DHR,15.04801874781559,0.19406866491826028,4.573632749078342,0.1984357866066011,0.04654551118460161,0.014766435989113091,50.256555941903976,0.16607561460327036,0.2111860769573222,0.2398404255741446,0.024826517118598727,0.38308804398311797,0.2802669813734655,0.4648640568052114,Danaher Corporation,Healthcare
DSL,12.982979923393412,0.11273574947552178,-0.14493467674565785,-0.06944439899427768,-0.017302299698105452,-0.0492486829263572,48.51058000052449,-0.13561437184426192,-1.6856364638156334,-0.15347660150928685,0.0112478291210267,0.5641461573057793,0.12758455805830982,0.5235311036944627,DoubleLine Income Solutions Fund of Beneficial Interests,Financial Services
ECC,13.982945354762762,0.2074108657821183,-0.07770290394544421,-0.20229009231288164,-0.17903288241759058,-0.3406940241826135,46.94051361273405,-0.7155016367859232,0.2123644079074145,-0.863179861587684,0.023052257256592608,0.693399191175728,0.25022008785586736,0.6330294031800842,Eagle Point Credit Company Inc.,Financial Services
ED,14.609619463673118,0.12094527592031475,0.19542036792252304,-0.03369921027760081,0.06274086101210291,0.09467714088441359,48.9828959089008,0.33942674944711493,-0.03720620247343425,0.5187541268948773,0.02033581994876102,0.24118179728954003,0.1848435961935828,0.47123175920492566,Consolidated Edison Inc.,Utilities
EGP,12.776897942931983,0.1449159367363771,1.5915853930661967,0.061518633996812344,0.03580847745572936,0.024773696540835166,50.599332618396225,0.16515633785350992,0.07608042314230845,0.2470982713300203,0.02104398856538383,0.3160197579877408,0.21681564220375668,0.48619536466810714,EastGroup Properties Inc.,Real Estate
EMD,12.214358225116946,0.09732168811817032,0.022100057920972915,0.10384215868288549,0.09577254100231793,0.19036951300884164,49.58010275929518,0.7703339446274315,-1.0041901066834555,0.9840822005268611,0.012104494972642741,0.40058586557364334,0.12432600389774837,0.5607870856669627,Western Asset Emerging Markets Debt Fund Inc,Financial Services
EPAM,13.449173370242736,0.36594453372992686,6.763455307090908,0.0962598076719896,-0.07027855249293134,-0.27768554436547777,48.67272847711557,-0.16530841200435603,-1.675025920197028,-0.192047007169666,0.034372329134315045,0.4556182786457842,0.4251359724578289,0.652723368183202,EPAM Systems Inc.,Technology
EQS,9.606445764906855,0.3596183314700113,-0.040506435023905496,0.6822428636253512,0.2690406021763007,0.22448973964853525,52.6177760309087,0.46692528925318655,0.5816209832749265,0.7481281643139376,0.052475602690237794,0.4004232635023082,0.5761962531663509,2.2013588863176206,Equus Total Return Inc.,Financial Services
ET,16.481824958263527,0.16746969182229737,-0.08304599958753656,-0.04405037059086159,0.11906718317156102,0.20302366245120562,49.688089633207895,0.5255352712785447,-0.33498812319584564,0.7109775021136576,0.02034383551277363,0.499569344846341,0.22656363840601845,0.5024340514702005,Energy Transfer LP,Energy
EVC,12.993471263806603,0.5937650455092454,0.12021488461902585,0.41116747767306805,0.08238991625018523,-0.32687653889663393,52.18279865486837,0.11441588841509735,-0.8363661038972875,0.13875844809881513,0.04831693544693523,0.5781688903160741,0.7200915658783081,1.9131677613386897,Entravision Communications Corporation,Consumer Cyclical
EVR,12.986571603470296,0.28548110864960674,-0.33034481276769156,0.3791959202942474,0.45556344043128866,1.135365992578183,50.85091540350484,1.197073420426244,0.22953698996201088,1.595774384463517,0.03192290010907146,0.4806771738231742,0.3805643268472834,0.6332405297482102,Evercore Inc. Class A,Financial Services
F,18.10579748286273,0.28160514726869984,0.13854631936331074,0.3306613569238104,0.17761076495497147,0.2551984715250648,48.399235090357244,0.5045358728145161,-0.8404210614475214,0.630708517502701,0.03193727204491733,0.37714320335435175,0.3520280212468995,0.63904681975517,Ford Motor Company,Consumer Cyclical
FENG,10.217785013190502,0.4682517079228088,-0.08198809952583686,-0.057777828640408924,0.6110898654737027,0.4825174568672861,56.01257886511522,0.6440870064456354,2.787156227314921,1.3050456733719822,0.07671191751293076,0.4715990537541756,0.9487691249136884,5.039114446985228,Phoenix New Media Limited American Depositary Shares each representing 8 Class A.,Technology
FIS,15.15279007967714,0.20162019439829038,-0.2343607480402028,-0.16841573285599987,0.08055469617060428,0.09799657708942577,49.500021434982415,0.3130260367375347,-0.7074409527260721,0.39953684406966,0.02128091516582183,0.3868967425527367,0.25734183970820157,0.5469058500938575,Fidelity National Information Services Inc.,Industrials
FLC,10.280731496698941,0.09042702563290665,-0.0929612075642332,0.04572793520799001,0.09876116237877881,0.2027681238876442,48.28075060028248,0.9428056779718215,-1.2833546293744484,1.0921642251035109,0.009997846761965414,0.5643312362206248,0.1047524051734981,0.5426406946619183,Flaherty & Crumrine Total Return Fund Inc,Financial Services
FOR,12.09855424776297,0.25628709005460854,-0.206249027280478,0.3361256517315312,-0.03288175860367965,-0.1885532642709401,52.63917386420399,-0.08636746006883599,-0.13210569418802837,-0.12830048753791443,0.034358793343864276,0.2835293399362512,0.3807192961037926,0.5043220128169271,Forestar Group Inc,Real Estate
FSS,12.987288394056387,0.23497276719741295,-1.9744192253222081,0.21289501639560937,0.30191744099944334,0.6271767623836628,51.480713388955685,0.8974508713005153,0.8481340973579685,1.2849039682363985,0.02903604174013997,0.39706843124663144,0.3364166782321224,0.6436531076603352,Federal Signal Corporation,Industrials
FT,10.757302700620164,0.08467068450560859,-0.00589064158828112,0.0784574038892547,0.11027373175258041,0.22878784452478618,48.55873095042337,0.9902686166704682,-0.6926732925188205,1.3023838462682544,0.010837855110604349,0.30869455027009984,0.11135739323270528,0.5302190065362828,Franklin Universal Trust,Financial Services
GD,14.022942038636115,0.14726524015076334,0.03541010033694647,0.23909185546681377,0.17723260250621733,0.3682165947472458,50.542553527244536,0.9122622547462483,-0.14324178591087908,1.2034924353145033,0.01639877768745562,0.39212425339788415,0.19427812735222255,0.504995942319203,General Dynamics Corporation,Industrials
GFF,12.919326818827145,0.2996078648485944,-0.28587774699077784,0.10881136423366056,0.30703674353262234,0.5569857349164635,50.63672915471051,0.753606525885294,-0.08469234524473,1.0247953393606075,0.03204869600986764,0.4304237206178877,0.4074231485348844,0.6714290344908783,Griffon Corporation,Basic Materials
GGB,16.178565629288656,0.213373336124592,0.039496003990846074,0.29032256410554336,0.03571028482464303,-0.05054955530275218,51.29225593530346,0.10111689442856675,0.43425115719391566,0.16736057781742344,0.03471857722787742,0.24346422744377155,0.3531584412916309,0.6190922641960733,Gerdau S.A.,Basic Materials
GHC,10.065776455579847,0.18772655862699436,9.631833175006022,0.16149684736592018,0.32048096740619014,0.7347067152835163,52.35077250751017,1.100146677270766,0.35838182062925905,1.7071690321824617,0.026088959288132027,0.327460559053925,0.2913074901987037,0.7470878053577265,Graham Holdings Company,Consumer Defensive
GIS,15.37709158059291,0.15127971551845323,-0.1768540969156689,-0.12525406355455992,-0.1308180931760085,-0.2616560033986678,46.63640926228007,-0.6197611195341839,-0.3930323689054998,-0.8647431199065893,0.023465661691357297,0.24845965176517046,0.2110782510434539,0.5801139432111606,General Mills Inc.,Consumer Defensive
GME,16.48079329000393,0.7143999168593116,-0.4889735792075065,-0.2646866470154966,0.7824882679406531,0.4725490461293467,55.45292085435761,0.6849604787368123,3.5762437178839668,1.095308453254972,0.05973695046227494,1.045662277811738,1.1423845495198484,1.9326418148995856,GameStop Corporation,Consumer Cyclical
GNRC,13.769761654469791,0.27463947067177813,-6.9872676773076705,0.2568800203079511,0.19161656363447704,0.23982012346018822,48.98374873359349,0.4673263741175212,0.7454175355250143,0.6977022026942302,0.03872607949755216,0.33385380149151095,0.4100272833869422,0.5532519689405185,Generac Holdlings Inc.,Industrials
HAE,13.430205366258111,0.3451656117719892,7.047519085899594,0.18258464008478814,0.07786936649761374,-0.034536002709856906,49.765501813989495,0.17757554375110818,1.2942073465037325,0.22560001298464513,0.029609153202214498,0.5923264396357556,0.43851402537027445,0.7381811809412033,Haemonetics Corporation,Healthcare
HD,15.069327142639697,0.13901511655824872,-9.874192206377131,-0.03000320220599806,0.07967464997602708,0.1167011416068322,52.715425360044385,0.3638249397811624,0.028874084692835904,0.5731365908155939,0.02027314728222318,0.2450437819544142,0.21899172174384388,0.36028880931563884,Home Depot Inc. (The),Consumer Cyclical
HIG,14.281758894917957,0.16603757521212176,2.429399095684886,0.05513208540316161,0.3073019217092532,0.7608583823781592,48.2691033093706,1.4868758467439884,-0.5372407684921656,1.8507974554353663,0.0192728352294225,0.34731217853835067,0.20667624831097595,0.40104584465355125,Hartford Financial Services Group Inc. (The),Financial Services
HII,13.042032761622563,0.36738760078673116,3.9489672352680714,0.4076301203834898,0.20674424514013356,0.3136465942075557,50.00807295127168,0.5762644450321905,-3.9119281527785454,0.5627414880017924,0.02260904595391003,0.6705616503543705,0.3587662694140096,0.7220308402835073,Huntington Ingalls Industries Inc.,Industrials
HIO,12.910210209959999,0.10013621647270805,-0.020664133566689724,-0.028205161749883634,0.0016597688242513914,-0.010443854477760528,50.06704159637408,0.014094560046936485,-1.1391372907783985,0.016575110212035605,0.010060444904560279,0.5226385795208545,0.1177595340843682,0.7240575425896714,Western Asset High Income Opportunity Fund Inc.,Financial Services
HTZ,15.962339332783442,0.45470325845574466,-0.1726139378861662,-0.18252731733937733,0.14368001741034847,-0.42981501519289433,54.40203237190822,0.14842375553679538,2.9355549136954604,0.3159863377674311,0.07461865138030031,0.527497544120301,0.9680392258685916,1.7267412043992925,Hertz Global Holdings Inc,Industrials
HY,11.353373893214417,0.37470430974005275,-1.8685370305207023,-0.2639837722327284,-0.14891450006698892,-0.405316993531864,48.5135558850622,-0.31404384827523835,-0.1768368986097969,-0.3974187010827199,0.03720438626238581,0.390596543254272,0.47418378320366067,0.5720820198043324,Hyster-Yale Materials Handling Inc. Class A,Industrials
ICL,13.575067224621963,0.2536389306581067,-0.2119024228152231,-0.1631736083475056,0.10662381318959009,0.089668621420119,52.04541618726484,0.3012454884475094,-0.6448753190582917,0.4203763709022806,0.03000735127818294,0.299966125473158,0.35394326978665697,0.5435831866699836,Israel Chemicals Limited,Basic Materials
ISD,11.647300751416175,0.11519985328213865,0.03291336951441792,0.07049413497236001,0.10843687717328085,0.2193708307340112,46.804517125309005,0.846861985445889,-1.6884553134569844,0.9412935353980492,0.0109110556684328,0.5540579702915392,0.12804551277170242,0.48873194910232465,PGIM Short Duration High Yield Fund Inc.,Financial Services
ITUB,16.994571824011754,0.17939129965498896,0.09224862305290671,0.19266058657970153,0.1826086434728315,0.3343700301040693,51.25801690940698,0.6715951117717263,-0.01310153635083517,1.017934781809543,0.02711805780478843,0.20631171947656712,0.2719028776000082,0.4478477205326645,Itau Unibanco Banco Holding SA American Depositary Shares (Each repstg 500 Preferred shares),Financial Services
JHX,14.647431801803116,0.4601400135823811,-0.31469962822861675,-0.17273104086671953,-0.12327035755419714,-0.397135024116536,49.93264593670358,-0.24974678063910627,-3.0816125862635197,-0.2678974962305195,0.03523540843201036,0.5325087129614204,0.4935813676506508,2.1194623815697544,James Hardie Industries plc American Depositary Shares (Ireland),Basic Materials
KAI,11.607122297961205,0.23642890454523915,-4.107298938428528,-0.09413065901450812,0.09525553086458584,0.06023172976448099,50.82955185304792,0.26199453892032787,0.31467357856648076,0.4028929163623448,0.03571421063146734,0.3039333769308155,0.3635783068499489,1.0835763766139226,Kadant Inc,Industrials
KGC,16.649367294998832,0.30408789663601293,0.7123961183353842,0.7893062089175646,0.8772714773832037,3.732323289489207,50.35918773537424,2.0577226936319817,-0.33387331072819504,2.884927309136805,0.04350201549524836,0.20909947475474702,0.42633124477758294,0.3787558563085203,Kinross Gold Corporation,Basic Materials
KMI,16.455504891311534,0.18495106417915247,0.028911069573901216,-0.046422336524077235,0.24252992156024736,0.5391549123844621,51.22603805055963,1.0966286195380026,-1.1026970800125349,1.3113194164988489,0.01856664339075651,0.3840881767696027,0.22115957694266863,0.35212569384854175,Kinder Morgan Inc.,Energy
KN,13.367353583214113,0.20268313814668162,-0.2749283559395401,0.3842364445235733,0.2202046993139867,0.39367642354966526,54.273066046492275,0.6745814900500292,1.049233336429017,1.0864480455923509,0.02795958529620201,0.39085409405879046,0.32643157655816435,0.6247817742413289,Knowles Corporation,Technology
LEA,13.425410894460166,0.23429112502462682,0.6326646694177924,0.2273922386197611,-0.07185719912105876,-0.21284550853586548,45.78730037114558,-0.23002385944855924,-0.32950267087359925,-0.3067004740939534,0.0319112761372113,0.3096077449735348,0.31239019853559297,0.5226052260583852,Lear Corporation,Consumer Cyclical
LLY,15.092374688916538,0.28306075075988396,63.612789582280584,0.43948760270353815,0.37252322662812276,0.8414321128078117,48.72043643524119,1.0429553972551748,-0.27794664939548974,1.3160539764982409,0.03453183670812895,0.42846377657047185,0.35718040062740986,0.5884314564455843,Eli Lilly and Company,Healthcare
LOW,14.81238519928761,0.3153154405749569,-2.7944043191002663,-0.11319166798552671,0.2221773072952104,0.18909375198526424,43.94445819969201,0.6679683581734628,-1.3634382591034244,0.7046191803677129,0.0427884830050331,0.23985077225829568,0.33261651480430426,0.4540793985302038,Lowe's Companies Inc.,Consumer Cyclical
LVS,15.536316377492723,0.23185635815248304,2.7287303810525714,0.657990820971833,0.2521582667129296,0.4564103584030428,49.98962432505885,0.7114117096448579,0.5633815503920411,1.0875624404791815,0.03026278502742004,0.3516843422679746,0.35444773159385995,0.4641950016075184,Las Vegas Sands Corp.,Consumer Cyclical
MATX,12.718648337033898,0.26780964683219344,2.0079553418947995,-0.02461290537345473,0.12799562266504014,0.1112471061084912,51.236671870316925,0.32949639225711685,0.7356522108599468,0.47793507134282126,0.033985833086853635,0.4541789235824295,0.38845834331673335,0.7485895327489932,Matson Inc.,Industrials
MC,13.519477714680818,0.23729573974499873,-1.0061206185490619,0.12816450358536646,0.20326836071301468,0.3037382482216169,51.79014798191603,0.5423791886882392,0.871520020831076,0.8566034979450101,0.034385515563532004,0.3460692136827264,0.3747716817907883,0.5517373058792158,Moelis & Company Class A,Financial Services
MCI,10.460597345945715,0.21133783358276192,0.10977198546203226,0.07197941201101621,0.12711171737711993,0.20520238733908713,45.46385917439756,0.49718919337611867,-0.5966226195237264,0.6014621954915695,0.026108930245093198,0.3291239839012855,0.25566066010803495,0.7953685106898275,Barings Corporate Investors,Financial Services
MFM,11.662131368086307,0.07664845205918315,-0.015625358336627038,0.04911591208359667,0.022672489945713095,0.03288202587722244,48.54940602372698,0.20136083653675318,-0.23472997439836674,0.2957984060553084,0.01138736192049293,0.2172066617385977,0.11259632377209966,0.5713480879001114,MFS Municipal Income Trust,Financial Services
MHD,11.558237205480097,0.07953837343457341,-0.029820061960268873,0.045739932406295924,0.006849870731928556,0.0034423375427663494,45.44818542473814,0.06779135447258273,-0.8943698156087537,0.08612032703388277,0.010277434318421241,0.3730712231477391,0.10104342633689213,0.6332826271550307,Blackrock MuniHoldings Fund Inc.,Financial Services
MMU,11.909380773120677,0.06446012493903118,-0.008035139286027615,0.04863226965310452,0.028009950245484253,0.047570876678615814,50.031078481793855,0.2937430924631527,-0.10956334841027467,0.4345314296548001,0.009800137032941037,0.31244518284625344,0.09535526439314598,0.436552617295776,Western Asset Managed Municipals Fund Inc.,Financial Services
MOS,15.397959030117578,0.2619882339321436,-1.4337419639889113,-0.33433000375974053,-0.1428375368496973,-0.3363143967909392,49.377302959056244,-0.40042533910709704,-0.49149322792185135,-0.545205922822828,0.03532118951293384,0.26078716095698573,0.3567145305244887,0.5008850461966682,Mosaic Company (The),Basic Materials
MPV,10.032663222759874,0.1350763404851027,0.12399907291527157,0.14618883424217932,0.1865160394232009,0.3925362299020747,49.476355600155806,0.9481246726331582,0.44088895542112627,1.3808194592284753,0.01866219252250515,0.36568877300406166,0.19672100600989886,0.8752345124462421,Barings Participation Investors,Financial Services
MRT,11.700028903654436,0.4044891163534025,0.0019042580752626215,-0.17403122392043457,0.9913664408340839,2.342503539384485,60.11693985866094,1.0889662137251774,2.481959093957302,2.450910051107348,0.061513108040982305,0.4923527550161216,0.9103739200895677,2.2092658250465544,MedEquities Realty Trust Inc.,Real Estate
MTZ,13.74285835643135,0.3155105401538654,0.8652742510745384,0.3678690460983014,0.7112366827191503,2.3884665478784,52.14589522614719,1.6413199851442017,-0.2483730767989027,2.254240642395974,0.038393438486593434,0.34627934499858687,0.4333321285042801,0.5375615934285953,MasTec Inc.,Industrials
NBHC,12.382095238774989,0.20485747690273146,0.02778386457138282,0.03476084626875697,0.0840607670915572,0.07917632188168344,50.23375468494649,0.2774245565574671,0.5091355748304194,0.4103378034450271,0.02940879745311373,0.31669014351576363,0.3030040603999107,0.597458905170226,National Bank Holdings Corporation,Financial Services
NCLH,16.424667728510947,0.3716998415091855,-1.1011016927000696,0.04470848923417181,0.1906719153359449,0.12423867227162888,50.62481985256999,0.3713704684911315,0.2065631957474183,0.5129728185026223,0.04845113867109707,0.30779734664836667,0.5134277803796299,0.4742558741492781,Norwegian Cruise Line Holdings Ltd.,Consumer Cyclical
NFJ,12.248002186494373,0.12493008885820454,-0.026938443807470236,0.08029803585720607,0.06101405816225814,0.10219594785077168,46.24320631343975,0.39585266987170736,-0.13258522239063697,0.48838561406539144,0.01554834986502872,0.481810003271442,0.15413324907479417,0.560461307259117,AllianzGI NFJ Dividend Interest & Premium Strategy Fund,Financial Services
NHI,12.286116891664065,0.12661165754325307,0.9582912902753975,0.10419560503226277,0.19890062337869688,0.42386248282805394,51.146801957831144,0.9837591153780644,0.0470348483250755,1.5709503156196218,0.01985931134745833,0.20867069155688395,0.20218427485905247,0.5424906621934242,National Health Investors Inc.,Real Estate
NKX,11.664021197479837,0.07923558269564335,0.028973303155897412,0.0892097872747235,0.06829829405124169,0.1305114217215022,49.33230866420466,0.6059322618333607,-0.07688753970195263,0.8619649370609975,0.011007142009904018,0.3550998020921988,0.11271605483522613,0.4765177098437397,Nuveen California AMT-Free Quality Municipal Income Fund,Financial Services
NWN,12.499961664969575,0.16656103242583428,0.8490376085968521,0.2148821153657352,0.1679535266094927,0.32627351829945184,47.565513374017605,0.7476418250680219,-0.524036483859481,1.008360263882721,0.020641868903032,0.33468700442161076,0.22464436977454005,0.6765920025866647,Northwest Natural Holding Company,Utilities
NX,12.978186262483758,0.3228251127831602,-0.5229719567330005,-0.20490793590465395,-0.33302420466325,-0.590909093645759,50.640439767070134,-0.6823080601715257,0.6522167100366159,-1.0315932419016625,0.04646200129771195,0.39181001500777923,0.4880848169660064,0.8566893133630935,Quanex Building Products Corporation,Basic Materials
OPY,10.60037273804245,0.19175491334904307,-0.6285854648052975,0.06513229868452952,0.3064078777357263,0.6822453286228802,51.69937473429186,1.0332695254972153,0.5177646322115433,1.5979140893145485,0.02609084923731261,0.34178951655826995,0.2965420639772387,0.6579093963921411,Oppenheimer Holdings Inc. Class A (DE),Financial Services
ORC,14.856074790118896,0.18666920039011253,-0.023549731351332426,0.06952659382814708,-0.0005961748346747809,-0.05981794989911049,49.677386655011055,-0.0024152210906353473,-0.40045141134796297,-0.0031937504067562233,0.02532818722068055,0.39976514243066114,0.2468406875819188,0.6913935244929276,Orchid Island Capital Inc.,Real Estate
OXM,12.767599178258111,0.3352536687001025,-0.6439963047393746,-0.27300440794105274,-0.32580116822647975,-0.5925688836712066,51.59595787520633,-0.638982417738887,1.304329640936797,-0.9718049305462535,0.047122136796273105,0.5003182228834934,0.5098750124915249,0.6397806428021917,Oxford Industries Inc.,Consumer Cyclical
PAGS,15.334880645408566,0.28860454051550793,0.16380589110367083,0.1491227712437464,0.08699438949387114,-0.03321038794133735,51.83795651368712,0.1902630072411286,0.2328632634988285,0.30143111864588484,0.04172347611127113,0.29688367408788263,0.4572322846953605,0.6443438077666696,PagSeguro Digital Ltd. Class A,Technology
PAI,9.844957610345725,0.08153843334085446,-0.05757971852735899,0.007269802241998136,0.03305428353381486,0.05499158959278372,49.06471154552888,0.3012379085528006,-0.36571164371937664,0.4053828627739056,0.010403172928721558,0.3784347351360197,0.10972816699137701,1.2999822038073017,Western Asset Investment Grade Income Fund Inc.,Financial Services
PBT,11.839315619202278,0.28219021041707165,-0.034855804662619505,0.5880783580918092,0.10983277535247749,0.04876615166760434,51.12345485124667,0.2659349822300042,-0.35439619865336275,0.38921539903934577,0.03830946517701807,0.2705664819014349,0.4130061206369771,1.2715395245528631,Permian Basin Royalty Trust,Energy
PDM,13.701772380826934,0.2815521293137099,0.056684671240727624,0.18749994736002962,0.20784011522982448,0.3162650522377257,49.8450505728433,0.562247701975324,-0.714805039306918,0.7381940805649021,0.032896034344428365,0.32621658714866814,0.36965934142483375,0.612217555351749,Piedmont Office Realty Trust Inc. Class A,Real Estate
PFN,12.652393667583324,0.10913118948193462,-0.02421551486114293,0.019178063401051437,0.03169791588277738,0.05233378735154037,44.39625187760508,0.29199606524076976,-1.9976361760554187,0.2904569814848815,0.01073400824262752,0.603215875530005,0.10855596926157339,0.5386022531474832,PIMCO Income Strategy Fund II,Financial Services
PSF,10.328278049897504,0.09688258181090903,-0.12014023804401575,0.05379094326009004,0.016246301047520523,0.02084367663747555,44.92752145557986,0.15088488108398967,-1.5744512790895755,0.16769062863363104,0.009985573435185214,0.48647428107345325,0.1076734854466768,0.5579728301577125,Cohen & Steers Select Preferred and Income Fund Inc.,Financial Services
RA,12.303013313547675,0.08670104646115596,-0.054905733389668754,0.018561466779086544,0.024124008247432212,0.03782509943125634,48.96056211402138,0.2330637660727617,-1.141096730793537,0.27824356489445967,0.009745866988289588,0.4961286852053507,0.10350818856973582,0.5127511662760895,Brookfield Real Assets Income Fund Inc.,Financial Services
REVG,13.531713993805608,0.3100264261523353,-0.9800113593833188,0.4582535515427957,0.7119051912996548,2.294372307138107,54.98488500622037,1.5173182677262427,0.37231174571241565,2.2962726117735897,0.03751819847143574,0.30739803169715063,0.46918646301310996,0.789174331361867,REV Group Inc.,Consumer Cyclical
RNP,11.567722314733729,0.12829953878287534,-0.2856329909319939,-0.044577173858069696,0.05502761872436579,0.08112331827489916,47.36935688814255,0.31122011698933627,-0.2702388435358269,0.42889958332188916,0.01760847649093911,0.37224780879307356,0.1768125378805486,0.38638233500985064,Cohen & Steers Reit and Preferred Income Fund Inc,Financial Services
ROP,13.340446466148824,0.15683938534377162,-9.068088185464944,-0.21258536537030093,-0.07768217765796394,-0.17455328144965154,44.83697884048513,-0.3975530692682008,-0.6668437202954074,-0.49529764151838945,0.01908501476749144,0.35140418154354147,0.195400774545542,0.7074843265590806,Roper Technologies Inc.,Industrials
RSG,13.998730377865765,0.13845378670946906,0.15634592417177373,-0.1589104064855673,0.15584900389696837,0.32418252796025526,46.664964105302744,0.9328918628057696,-0.8288386478505222,1.1256391580246294,0.01616099826284826,0.3461463490145785,0.16706009572024375,0.4279102661230449,Republic Services Inc.,Industrials
RVT,12.44405357649866,0.14932490220335837,-0.0279804916367965,0.10319080142570969,0.10785707158733708,0.1835397335601987,49.1013974179338,0.5045720827971908,0.3117564791249777,0.7222979556380472,0.02075668554353266,0.35398309369071684,0.21375949099167554,0.4362578236879762,Royce Value Trust Inc.,Financial Services
RYI,12.56180744767407,0.32747207810327006,0.059334499911251726,0.05570907136619163,-0.04426420084207927,-0.2657700723253408,49.99355161258147,-0.09375013875679858,-0.04610517142750537,-0.13516938939789644,0.04137558818156618,0.2834375757685645,0.47215077683145634,0.6748949296178964,Ryerson Holding Corporation,Industrials
SAFE,12.882451520579833,0.24312653421527347,-0.31488229648093835,-0.06850237973440376,-0.15785623656564796,-0.3628847223743292,51.88586303877885,-0.42285242415974666,-0.02800278512334289,-0.649276053208886,0.03373563152953054,0.24237620181051794,0.37331283338229715,0.4904487264951267,Safety Income & Growth Inc.,Real Estate
SAH,12.233543833327039,0.27647955992331963,-1.7662988126456014,-0.10810810227253775,0.16160616106143644,0.1792328882995986,51.7261684486783,0.40864222553790414,-0.10618273573083593,0.5845139550506272,0.0345285716935295,0.31287400617353583,0.39547102810707074,0.48270845119306893,Sonic Automotive Inc.,Consumer Cyclical
SAIC,13.056152204831633,0.3054534395655403,-2.8601542281411128,-0.13979247620819402,-0.11349573903365727,-0.2811040660372691,44.44486228814246,-0.3519292644994172,-1.404489955349464,-0.37156477659929843,0.026092632355525548,0.4745711690844245,0.32249588335625673,0.716756811123158,SCIENCE APPLICATIONS INTERNATIONAL CORPORATION,Technology
SCM,11.969136917916305,0.17420689603663045,-0.08474257860206791,-0.07914763582038908,-0.010118517973544442,-0.05689786021647392,45.62209491862613,-0.05152197654832504,-1.2503528759847866,-0.058083337707921866,0.01808158757356395,0.5178532922318592,0.19639227086045072,0.5469958850671731,Stellus Capital Investment Corporation,Financial Services
SEM,13.96121395748317,0.33677274076670133,0.3691090871046008,0.02311753103425529,0.18640671641368795,0.2259889295653792,48.71394143173698,0.4613952133311599,-1.1167602068447842,0.5535089211475724,0.029678720063657918,0.4424598305700023,0.40400661087894113,0.6120422325118562,Select Medical Holdings Corporation,Healthcare
SEMG,9.991450635876964,0.08184386041452157,0.0030729190360396785,0.060955166915912296,0.13790312808593397,0.07306478687864537,48.84668205090272,1.1451382978585822,-0.20976041262143985,1.6849538546628207,0.012784678083189975,0.2279084338693096,0.12042486775947842,6.335314984738167,Semgroup Corporation Class A,Energy
SF,13.414651426043045,0.21548438003498294,1.0374164376001431,0.31041892588120934,0.3790976563451916,0.9380460448195094,50.23365721716111,1.2616606936145112,0.6643577638846867,1.7592813747504426,0.025957921387846097,0.49717058459615293,0.30047512636628226,0.4764500660883977,Stifel Financial Corporation,Financial Services
SMHI,11.913281544188061,0.39438719986544557,0.16295977310745435,0.3209647610253985,-0.09564310159380698,-0.4271923000199491,52.48344821368634,-0.15658693188069242,0.31719266263441365,-0.24251066369912072,0.05537811603199838,0.3485816608939464,0.6107987457515286,0.7904826631998286,SEACOR Marine Holdings Inc.,Industrials
SMI,6.782989298527974,0.04693557666805153,-0.3511146269271137,-0.046195551047840344,-0.02739221442691735,-0.03235454357023548,46.576182545831166,-0.5407907422226133,-2.319008201536658,-0.5836130366661265,0.004338722894039848,0.5183134784790691,0.05065215117096348,4.000074418811384,Semiconductor Manufacturing International Corporation ADR,Technology
SPOT,14.5374202043566,0.26314955046560456,-19.45486788712344,-0.10882441202799409,0.6864383074807074,2.3143504733273166,52.424029276426495,1.7002994933480982,0.5285223738834189,2.6085482808773772,0.03528403802642409,0.3704626503471051,0.40371611599379253,0.8563397245460569,Spotify Technology S.A.,Technology
SQNS,11.8852670910418,0.8929749666770082,-0.5634013695922517,-0.663128472719853,-0.2875892194251059,-0.9165397894836215,54.21664084636444,-0.19505610513081992,4.992877544786876,-0.32205742619560784,0.10014495296754719,0.8903212833438026,1.4743922997551193,3.91131860220324,Sequans Communications S.A. American Depositary Shares each representing one,Technology
SSTK,13.023378935759592,0.29833597985676946,-0.6837054871833139,0.15474203560320454,-0.27437421731578643,-0.5452162461778038,51.16876235052695,-0.5499585889415279,0.5420075692428759,-0.9196819553830314,0.04686438620101948,0.29824865557456615,0.49889977687930637,0.7898249850651156,Shutterstock Inc.,Technology
STI,13.218173046216247,1.264608021998418,-0.10879130309886698,2.269461184704793,1.1353022421496346,-0.9797402595987126,58.98152924787057,0.3675786835136859,7.995992219098754,0.8977503087126985,0.17826373626373618,0.9020915448007552,3.088596518430494,10.92777123361083,SunTrust Banks Inc.,Financial Services
SU,15.296451424159676,0.1995830446852574,1.0678256445070389,0.22182801950710251,0.19098998254155378,0.3577925834094924,48.32507382278431,0.707875968207916,-0.36068453423868047,0.9569449290782447,0.02524038363922627,0.3496186190675592,0.2698071288181612,0.5085884222811391,Suncor Energy Inc.,Energy
SUZ,14.420296141306473,0.17556327692812654,-0.038776797865267554,0.019362196066539328,-0.047733891367615154,-0.15486310856397756,53.74152059207357,-0.17434175458792409,0.6179279727613872,-0.27188995445304215,0.023020240919256738,0.3680234204326029,0.2737949464856509,0.6833452369991435,Suzano Papel e Celulose S.A. American Depositary Shares (each representing two),Basic Materials
T,17.44617024814664,0.15756827849523,-0.006739093655429684,-0.06838524262594259,0.2457598981033503,0.5525059726982899,49.89849387315491,1.1330802996538087,-0.27708338880061056,1.5597041514341994,0.0214922498428597,0.2499153689606313,0.21689539406733804,0.4154476422086052,AT&T Inc.,Communication Services
TAL,15.70991484868854,0.3804919804934072,-0.1803646130684058,0.08588350204644768,0.11641296861697224,-0.09909910191373184,52.211744377021056,0.19900836500349472,0.6047079691902146,0.3059538034573355,0.0531682165931559,0.3476217215738166,0.5849652029196257,0.6661827460328562,TAL Education Group American Depositary Shares,Consumer Defensive
TEN,12.62547484625712,0.25317369166136205,0.3595893518804516,0.35753872107840556,0.16566447530016495,0.1940516576217215,54.51671040536291,0.42479014970646806,-0.08185529802501512,0.65435106709963,0.03635974445856698,0.3500851813596633,0.3899913296356798,0.5368041474007612,Tenneco Inc. Class A Voting,Consumer Cyclical
TJX,15.475324233983248,0.10866022634707792,2.4022996417529328,0.18290124451275225,0.28533267204760443,0.7061994228085451,52.365805793513864,1.6226627758560115,0.3444481491706364,2.625916415231888,0.01694036245125308,0.2825896288310087,0.17584224910630702,0.3946649275940963,TJX Companies Inc. (The),Consumer Cyclical
TRNO,13.638017962944078,0.18515163477367003,0.8582426418520797,0.1101485040836343,0.06437525604006601,0.0645981926561836,49.72022929475502,0.2513992127040752,-0.048702871901573026,0.3476893742729225,0.02397686425043806,0.34871742354222585,0.2560678506015961,1.1319166713854578,Terreno Realty Corporation,Real Estate
TS,14.376854109598872,0.21490050972366892,0.6455156240686861,0.13873164122923098,0.11292109817818849,0.15342708496404067,48.6476362848198,0.3957631742412213,-0.3513019588596842,0.5254575632388623,0.02458392768267538,0.3197211961540088,0.28532492542967636,0.4966492920691453,Tenaris S.A. American Depositary Shares,Energy
TWN,9.872708706343545,0.24828648776680207,-0.4866029279642632,0.4422070895706638,0.2913219076472536,0.657151548941374,47.62160049435247,1.10068276947745,-2.6830178638249462,1.1733296896964913,0.023052941562822078,0.5087268108391977,0.2646738149499323,0.8537681741682857,Taiwan Fund Inc. (The),Financial Services
UAN,10.45398763265223,0.19323455447268542,0.6080221460827602,0.16660627612436407,0.21375756964451645,0.3897523444629747,53.951703931948586,0.6870403023743562,1.4254486665929924,1.1062077909814627,0.024770041718266095,0.4022560058817779,0.31112813746993795,1.085205595412663,CVR Partners LP representing Limited Partner Interests,Basic Materials
UBS,14.706967795324665,0.20136249382173266,-0.334974600900523,0.20889439728142145,0.1878480612356918,0.3458855670637866,48.50237888684602,0.6834549835873381,-0.20616588213046938,0.9328850555555532,0.026637996651888537,0.3038680168835019,0.27485067158294685,0.710183196187073,UBS Group AG Registered,Financial Services
UNH,15.855068258670167,0.3729090487074825,-5.611174904628285,0.08220657552054078,-0.17802530300538674,-0.39730608012409563,45.6665988140041,-0.4620049754168899,-2.3359972481646607,-0.4773960396574701,0.03334265955716085,0.5558396519374252,0.3853320039351215,1.2626684487278337,UnitedHealth Group Incorporated (DE),Healthcare
UNP,14.879394539495468,0.13352766178395023,1.4909809988901372,0.05911646250394642,0.022442383512350214,0.0019881865564892465,51.17498572792101,0.1080588497433494,0.5191595971850465,0.16807291622212578,0.01912314957530855,0.3378532414054959,0.20768667782095707,0.4990305612663047,Union Pacific Corporation,Industrials
VGM,12.139546016080981,0.06776112091280974,-0.0017551692650101813,0.056074761727490374,0.03312859967451169,0.05717257767959483,47.56980461651296,0.32924322629071406,0.11635514041208692,0.48890276943823363,0.010160798894324669,0.3438106650018506,0.10062044418572157,0.9983124324694993,Invesco Trust for Investment Grade Municipals (DE),Financial Services
VLRS,13.492649428519096,0.33074576061409494,0.05874343366760115,0.5800866605111321,0.0699217861199861,-0.08749997615814253,50.417261025108786,0.14528257584215967,-0.12335736934628827,0.21140644702493683,0.04278353446533885,0.30119399055014917,0.48128129415843857,0.81437231141931,Controladora Vuela Compania de Aviacion S.A.B. de C.V. American Depositary Shares each representing ten (10) Ordinary Participation Certificates,Industrials
WEC,14.572940977079964,0.11643379839843343,-0.5118168529990186,0.04513658664897369,0.15523656570478198,0.3189360725526027,51.227058514310485,0.8838339473005709,-0.09285052459718021,1.3332603405547803,0.01722288154436832,0.2124757519309673,0.17563996741572285,0.4242654391352901,WEC Energy Group Inc.,Utilities
WIW,12.320093948065335,0.06262690164220994,-0.03291202035324048,0.03634237154996023,0.01794119220350158,0.029103608330517172,48.47771032887054,0.21586232861727073,-0.49306893248550077,0.28647740400763155,0.009099240491328287,0.29990328235782643,0.08311404921102171,0.6788719417953619,Western Asset Inflation-Linked Opportunities & Income Fund,Financial Services
WLK,13.524489049129778,0.2521445431003536,-2.9274128898795198,-0.04324794777705199,-0.27772999676682164,-0.4960398742741233,50.14344623934553,-0.7519951842824547,0.17912719517736247,-1.1014713757112127,0.03440756881783428,0.4406184467939765,0.36932416931875495,0.7096836530197064,Westlake Chemical Corporation,Basic Materials
WOR,12.630911530821518,0.21878789695541923,-0.5165981734606788,-0.06922290653920249,0.16444730791772036,0.20412640379138813,52.04768831765207,0.4305366889437044,2.2008571584531613,0.7516289072938461,0.03305157346234955,0.4403080896865434,0.38195887166127895,1.1002150820086247,Worthington Industries Inc.,Basic Materials
XOM,16.616382110973134,0.15662403841895134,0.3452290147605481,0.12489077861281483,0.08292760046416978,0.12554617509826693,49.49365575206526,0.38563519140470787,-0.5586872022792209,0.5294691753659675,0.02118220730447166,0.305901839644359,0.21504157896508141,0.3423556379758898,Exxon Mobil Corporation,Energy
XYL,14.093421498005887,0.16542321250957057,-1.975621828033212,0.11909309136154578,0.16792947646386927,0.32457629200782767,49.946396758220956,0.7351066413215879,0.48404505426279987,1.015150618321801,0.01811192894084886,0.38472521811115307,0.2284423334306471,0.43392789915532554,Xylem Inc. New,Industrials
ZF,12.424651948492153,0.10220615878650648,0.010303096462197736,0.06774194987333737,0.10944482683905796,0.2169117308689028,48.787270842581016,0.7625906903615038,-0.09665508358405768,1.0708241865118127,0.014088445879819278,0.39438287213132556,0.14351712946715356,0.7867670297015906,Virtus Total Return Fund Inc.,Financial Services
ZTS,14.852125733380332,0.2252087876256758,-3.604954615801063,-0.24341875775514776,-0.13141352824809815,-0.2844303624083683,46.788881137025086,-0.48298174280212924,-1.2143363142709565,-0.5835186523295144,0.026547526190500107,0.3646617833996621,0.272087983048122,0.508772719225152,Zoetis Inc. Class A,Healthcare
