Ticker,avg_volume,downside_vol,macd,return_6m,return_mean,return_total,rsi,sharpe,skewness,sortino,var_95,vol_stability,volatility,volume_stability,Cluster
ACA,2.5987347210691474,0.20457450355433107,2.603920607245215,0.2341016871981849,0.2317781366111948,0.4137473467707542,3.9837001802682583,0.6851097564643782,0.4120875944377301,1.021036157503717,0.02664589893745217,0.3566252777966759,0.2914061569336514,0.468393919519795,1
ACN,2.771108147721698,0.18706933312255675,0.4155448906634547,-0.2050116099165095,-0.1173820586990203,-0.2604862988657244,3.893597224198898,-0.4447943649291002,-0.4167168899886952,-0.5706166826210659,0.025061560106111616,0.2998379678827737,0.23420364759564846,0.5374717672479727,1
ADNT,2.711259904622189,0.289959418591998,-0.9834072061677723,0.2827949233093785,-0.1680748171030389,-0.4152644291387855,3.8865415117263415,-0.3720301719106107,-0.2895315604802355,-0.4996676001921439,0.0468511865086428,0.320515410541001,0.3727885864890392,0.9411636912842474,1
AI,2.814862497092139,0.3503890855422791,-0.9143883069338283,-0.3343300037597405,-0.1654424444566659,-0.5322110684758555,3.9794233656221967,-0.248543463355578,0.8775283481897819,-0.3942674929801621,0.055439880491916504,0.3620223105558822,0.5102142010627978,0.9697981119564112,1
ALK,2.764713864326678,0.2708430107428414,-1.316122011341569,-0.15795679124763,0.1392896388695086,0.07878180478677943,3.9705661864759283,0.3083181165647395,0.669041478263511,0.4477769745053022,0.04064626726823648,0.4213367673303788,0.3727852070505446,0.8105258939582063,1
ALV,2.672922445498074,0.1833573228129875,-0.8259941574771403,0.1646431813950928,0.09981178418039226,0.123286336970402,3.878285323060949,0.3483020930658985,-0.1899943294087112,0.4959750395344698,0.028668704174931867,0.3065946645240428,0.25197720366542636,0.5126890943814405,1
ALX,2.4121815585545767,0.1890240114817679,-5.437282676262669,-0.07413718511664702,0.1074811359097945,0.1429726823893154,3.9223415644929673,0.3815573872019388,-0.744356651448324,0.5165624873133594,0.02373144126267584,0.3113797703971986,0.24818000116084862,1.100585179160304,2
AMN,2.6864112857623432,0.3594382415393275,-0.7051190799206033,-0.1798029436309837,-0.2989327217417081,-0.6413793352923125,3.9330053655433526,-0.7519951842824547,-1.415063143495222,-1.101471375711213,0.04604632836815368,0.3616469686293766,0.4372489471852109,0.636366113016702,1
AMRX,2.7235689429855854,0.1818011058984852,0.477390211834269,0.6868076017348617,0.5696356397145043,1.686695465176157,4.031548228612751,1.508794315609147,0.9386283136571533,2.467519432325362,0.03171744147566456,0.2937262427682883,0.3203019141162535,0.5112270555590687,1
AN,2.640210049608164,0.17397785614351693,1.151923895449073,0.1624669876306934,0.2547027174759112,0.5078140721027644,3.947212209601404,0.825694826401973,0.4071115356133504,1.340334533447557,0.029630422789950987,0.2775224575677744,0.26885910287850884,0.4517011928974364,1
APAM,2.6457733249763415,0.17516692759287963,-0.7328882037103241,0.03389832120036917,0.08539373415465332,0.08416103925678531,3.9411994014202403,0.2853929152333152,0.2158184502320444,0.4460481924714279,0.02741114016126252,0.3076179320498741,0.26175994741186215,0.4709064092053795,1
AQN,2.818543866871904,0.19093447617205508,0.07796621126372294,0.1471135900724105,0.03697758473749216,-0.02531650631382953,3.919567232838099,0.1163376753274909,0.9239154443563318,0.1757655670679052,0.02991179754437644,0.4042494229154667,0.27599936815668535,0.6623027771171696,1
ASGN,2.63521851230873,0.22007163548788927,-0.4944831032631214,-0.1297370986233453,-0.2989327217417081,-0.5121924790390089,3.946770906663715,-0.7519951842824547,0.06484589976497177,-1.101471375711213,0.03525924397937553,0.3270791239577776,0.30447134736810494,0.5758635454348724,1
ASH,2.6528824186748117,0.21907629259902253,0.5139612722112048,0.09410554695659701,-0.1661762125624985,-0.3569170902977683,3.9190167940405067,-0.4921260151463351,0.5159135597273555,-0.6784744852497181,0.029110003409690773,0.4602755308083031,0.29092932645771546,0.615337816656285,1
ASIX,2.5727964891218917,0.25238134750538194,-1.104835825882123,-0.3343300037597405,-0.1963781537268761,-0.4231634120207559,3.897006128955195,-0.4885472740347134,-0.3049003851994588,-0.6840376274278093,0.03748079971784174,0.3004879895464156,0.33787372708547675,0.6315852986333939,1
ASX,2.8285666887535306,0.2367907393466765,0.2663448621934474,0.5853657821261782,0.3482903000027799,0.7105263387612717,3.9451001431235833,0.8859686743978412,0.0680274058054773,1.303599141887404,0.03459494557057034,0.2899532047708259,0.3315444544794346,0.4699729051747294,1
AVX,2.62966121199667,0.4660991701995662,-0.3344884392230756,-0.3343300037597405,-0.2989327217417081,-0.6413793352923125,4.036749593301866,-0.7519951842824547,2.93555491369546,-1.101471375711213,0.07196585574143209,0.6759097713259378,0.6770377302752217,4.000074418811384,0
AXR,2.3614619073345384,0.31477492375934185,-0.3515875114967812,0.1047094312851775,0.2584784960988055,0.2686996721401402,3.9977099806629743,0.4911847587315736,0.1411813087395871,0.6986831851155181,0.04581271584618532,0.3090856112607795,0.4228037644324702,0.987921923103336,1
BBDO,2.453562753328481,0.21927905055669755,0.06109995707066895,0.2393822951830145,0.1172849986819073,0.0918367264189015,3.9613760128234308,0.3064990794675763,0.2294624255629907,0.4783653742592337,0.036249070793710696,0.3018691078639321,0.3240093238695465,1.233776118431379,1
BBU,2.4041891558538357,0.2150076459562984,0.02044159228641007,0.3991158580175145,0.4191683036156695,1.008655598761637,3.978956654064405,1.144871802769604,0.1899625459007191,1.747471119633321,0.03054080680862096,0.3136554690009291,0.3119796171718923,1.340114911397823,1
BCC,2.618984317713716,0.20995230900021897,0.2892884495331316,-0.1043233622683251,-0.1240407983591953,-0.3216478487605383,3.9673830330145248,-0.3264724715027316,0.2420693017680226,-0.5309528692163075,0.035661533655047394,0.222718698931023,0.32204190123335974,0.6577523845226145,1
BDX,2.73934946061387,0.20367023659491373,2.283663312361455,0.1453365481879629,-0.07146815676637011,-0.1856453126024722,3.9397850720315795,-0.2864800022861513,-3.017713956934773,-0.3163794078599807,0.019425968037008752,0.5230721534491919,0.22271943512895565,0.6052604049510123,1
BGY,2.595391709199551,0.11670648604533394,-0.03505813082731102,-0.01369861671503536,0.06625665749381549,0.1119691930046345,3.8604196813734735,0.4170708846910649,-0.6891839229606606,0.5352363458448396,0.015565853831711317,0.4141389502900481,0.1474383703669315,0.6411577806942123,1
BIT,2.5745212292891826,0.09213465132019781,-0.0390669294643704,-0.07282913034317062,-0.06239783135961537,-0.1260726003633649,3.8173200213458878,-0.5889911922078787,-1.702751237217918,-0.6465261792303585,0.009698682349061492,0.5517570282010019,0.10069581244124182,0.8881455100633093,1
BLK,2.6666155621959167,0.16086646488235265,-6.987267677307671,0.07078229675327541,0.1917925934382701,0.3846765156788503,3.9309827033124543,0.8193448566673328,-0.09588776252552773,1.098920884986241,0.02171044273893195,0.4152263333515332,0.21032609874474537,0.5367096269263575,2
BMO,2.678220416719224,0.16317629167407385,-0.4103231061136938,0.1693862093424883,0.2246982680506258,0.497625212838545,3.8998970477359687,1.110850680965741,-1.340078497457561,1.267732629288983,0.017836588093093204,0.3982885049211768,0.1842163040446124,0.793628731746401,1
BOE,2.5597986926065994,0.10361504246922408,-0.04180433214121848,0.03753352028986523,0.08821429414417614,0.1680080630576346,3.9269754199487092,0.6306220004338866,-0.08352852736723776,0.8080201201312994,0.01219863361854877,0.5389452049977344,0.13092701232708945,0.3927320350724375,1
BOH,2.62728766414036,0.16533130431650653,0.292539894398729,-0.00500989551077291,0.0663305125419525,0.0469648963749032,4.0272626945812,0.2247544239236189,0.6358027549731967,0.3689457432973189,0.02958009945252076,0.2697678950860371,0.25860674556039487,0.6035261168510742,1
BP,2.834633976194834,0.1804519333775569,0.3003951558851341,0.2204191537265596,0.03325618742632851,0.003335156570636766,3.8670903871474227,0.13265646610056,-0.5687614453184959,0.1681656129726908,0.022839455664764325,0.369403727872901,0.22369864132943074,0.5441292532319533,1
BSL,2.4721469549554196,0.06556404596294287,-0.07681388403799971,-0.03392223004782358,0.02504909917116903,0.04351142581877165,3.897179498445443,0.2974090262368604,0.0606187612441871,0.3965270140668931,0.009698682349061492,0.4036485943885689,0.09587406096229618,0.6693705092486808,1
BTI,2.798600891449099,0.15217653004180703,1.140647122509385,0.2923551583212853,0.3275485732481287,0.8308363973542883,3.9199405720437612,1.56637381200909,-0.7167787455903446,1.992802914794084,0.0180341234350702,0.3194974919564379,0.18988674058160482,0.4591933585058721,1
BXMT,2.733409612104848,0.19597434806913383,0.1992480035041027,0.0484652468131781,-0.04690661164419859,-0.1567778612087916,3.9092731129632226,-0.1682640476980473,-0.8029700865727909,-0.2166630180595903,0.02817124422887273,0.315022258193319,0.24589701960163304,0.6830262953621249,1
BXMX,2.570770593430641,0.11463011897932608,-0.01150600215861353,0.07623980129691321,0.07274974114023566,0.1306376632991204,3.8173200213458878,0.4949759219369188,0.7809001835280754,0.5989676179823579,0.013714924959421906,0.5977243539988596,0.13712919567095425,0.5514737026483799,1
BYD,2.692406882594302,0.21267829865633545,0.1465142402685871,0.1203766612147534,0.1987953223882101,0.3649025842683697,3.9224161713639734,0.6929563407012035,-0.994931100160898,0.8388460908543413,0.023944602213097133,0.3929637830602459,0.25222069243584233,0.5395582948237226,1
CBZ,2.6328892642186315,0.29695972431579,-1.270868317560094,-0.3197373480355391,-0.02493184464834285,-0.1665240371627108,3.8675678131460973,-0.06969574767913309,-2.783540269309939,-0.07210714239203143,0.029885305126575966,0.5252032641811591,0.305809800183652,0.6953674530594672,1
CHD,2.7314995572157943,0.1317572887231741,-0.7384955467392729,-0.1401453667721223,-0.03798891942459499,-0.1070567137509967,3.825277525514048,-0.1938790927998156,-0.1066431733545453,-0.2697475229812017,0.01919223015288516,0.299804907576508,0.17893356516591027,0.4662387392803149,1
CHH,2.6414242274484727,0.15717964286636718,-2.536460334761088,-0.2657494451363401,-0.0724728436636915,-0.1926751468763023,3.898833065739288,-0.2709667679952034,0.3647574910965128,-0.4257953468104771,0.0263539709101595,0.2913030135866194,0.2370151071399829,0.4470696786900156,2
CMS,2.7518383678328244,0.10888815900139887,0.3810081941985999,0.07433781159155073,0.1435433886297783,0.2917808299709774,3.8879808144455925,0.8509880257595567,-0.2466505575610667,1.247795009233225,0.01802797553547273,0.2113243493752403,0.1558736282326,0.3836005610720684,1
CNC,2.815782484060705,0.38923783890981256,0.9139556637292117,-0.2835549032615416,-0.2015565299541091,-0.4746260470677011,3.8627393241485204,-0.4347760005362292,-3.017713956934773,-0.4235666482132628,0.03436559801777577,0.6642214262625643,0.38089031622148395,1.065593777880657,1
COE,2.3614619073345384,0.3647883695829473,-1.244753864531951,0.6868076017348617,0.7824882679406531,2.314350473327317,4.039942699691938,1.586957929660473,0.3876061665521104,2.467519432325362,0.05461332821882903,0.3302101824138476,0.5214508325862549,1.273805520314838,1
CPAC,2.3614619073345384,0.20070992179953787,-0.1554818023122753,0.1166666348775234,0.2259247567325524,0.4255319321625051,3.9351783607858106,0.7443634552749312,-0.200391695160047,1.016442108839391,0.02796379773656541,0.3114898477712763,0.26506372244232856,1.575861880962273,1
CPRI,2.7599186936641464,0.46470613767874847,0.9414557267579973,0.4580460572088387,-0.1062036655056605,-0.4760429203092219,3.937215451795418,-0.1718445006281394,-3.017713956934773,-0.1795356392716985,0.041180033618490826,0.693399191175728,0.48120435637331,1.250929832339881,1
CVE,2.84551870562368,0.22394947594745174,0.179320411236656,0.3348281358439962,0.06347264800243965,0.008469877675511439,3.8976247216473148,0.1845516736625615,-0.09567236237831216,0.2528712056223905,0.031097772958634917,0.3841915776823516,0.29559731426716673,0.508268904919484,1
CWK,2.7450895514560973,0.2293080530530431,0.1440536988040932,0.6868076017348617,0.4242372845798473,0.9522144695736776,4.007252262440681,1.016867326878072,0.4669819650486983,1.646056835514528,0.03556954215392353,0.2855661374471826,0.34868325763806074,0.561802352691211,1
CWT,2.6205947223992894,0.13224935229552673,-0.4392551105879221,-0.02972624977636706,-0.03981407651351745,-0.122267360470746,3.9454536066549033,-0.1742644577319576,0.08916345467218867,-0.2815847087250438,0.022517543109629088,0.2113243493752403,0.20576891275498546,0.5283046424709124,1
CXW,2.699055082660976,0.2510811465963592,-0.2559087915688139,-0.1765511325622091,0.2154704803283036,0.250866171540292,3.997345726563491,0.4661548522207116,2.700610209204366,0.7549390993088243,0.033212786729449474,0.6262215913289971,0.37996226129415034,0.6244988651705573,1
DCI,2.654750729698702,0.13672871266632394,1.570704481747242,0.2996964566386326,0.21516146511571,0.4639309843552688,3.9402743083046188,1.008739243376083,0.4363858694922247,1.468507826348996,0.018162757610529708,0.379590271448787,0.19334178306114683,0.5297488786490273,1
DDD,2.766158132097928,0.4460865344198766,-0.2138046956281396,0.3594770997392172,-0.1145858259699967,-0.6413793352923125,4.039942699691938,-0.1269198835212348,0.5950482255675843,-0.2038216796405293,0.06741530468997141,0.307374821393459,0.6433370656179601,0.9299084476984869,1
DECK,2.7622722718493895,0.32935580032974743,-1.850047293278536,-0.1616989144986861,-0.01529015547999591,-0.2290018471986404,3.9208661157332623,-0.03210836074297186,-0.8953970646046454,-0.03919825450874679,0.039041838963912306,0.4228444431680378,0.3894744693932033,0.8855157629254818,1
DEO,2.695242784618224,0.14465585708062534,-1.261207001184758,-0.1569890295946346,-0.1973744810634745,-0.3619140771966946,3.948233076905065,-0.7519951842824547,0.1789228322479254,-1.101471375711213,0.02166791718837589,0.2779105488637543,0.21740696756617578,0.5217995684076608,1
DHR,2.7755853994526705,0.17736652162362174,4.573632749078342,0.1984357866066011,0.04654551118460161,0.01476643598911309,3.9368435306549863,0.1660756146032704,0.2111860769573222,0.2398404255741446,0.024523346674093536,0.383088043983118,0.2470686353799291,0.4648640568052114,1
DSL,2.6378408702708995,0.10682162224950022,-0.1449346767456579,-0.06944439899427768,-0.01730229969810545,-0.0492486829263572,3.902186384120397,-0.1356143718442619,-1.685636463815633,-0.1534766015092869,0.01118504265998002,0.5641461573057793,0.12007778564321758,0.5235311036944627,1
ECC,2.7069125779051046,0.1884782866623042,-0.07770290394544421,-0.2022900923128816,-0.1790328824175906,-0.3406940241826135,3.869960942606212,-0.7155016367859232,0.2123644079074145,-0.863179861587684,0.02279056802709061,0.693399191175728,0.22331960610035032,0.6330294031800842,1
ED,2.7478873565026602,0.11417232569977585,0.195420367922523,-0.03369921027760081,0.06274086101210291,0.09467714088441359,3.9116808650828285,0.3394267494471149,-0.03720620247343425,0.5187541268948773,0.02013180835403313,0.24118179728954,0.16961077954160247,0.4712317592049257,1
EGP,2.6229931272490026,0.13533121661350464,1.591585393066197,0.06151863399681234,0.03580847745572936,0.02477369654083517,3.9435087386518646,0.1651563378535099,0.07608042314230845,0.2470982713300203,0.020825622059916997,0.3160197579877408,0.19623731707735742,0.4861953646681071,1
EMD,2.5813039827541586,0.09287238180440996,0.02210005792097292,0.1038421586828855,0.09577254100231793,0.1903695130088416,3.923558272858877,0.7703339446274315,-1.004190106683456,0.9840822005268611,0.012031821436570994,0.4005858655736433,0.11718374847324012,0.5607870856669627,1
EPAM,2.6706372067105284,0.31184615544127453,4.573632749078342,0.0962598076719896,-0.07027855249293134,-0.2776855443654778,3.9054560597046795,-0.165308412004356,-1.675025920197028,-0.192047007169666,0.033794797474158894,0.4556182786457842,0.35426722843713687,0.652723368183202,1
EQS,2.3614619073345384,0.30720402173658096,-0.0405064350239055,0.6822428636253512,0.2690406021763007,0.2244897396485352,3.9818806554632817,0.4669252892531865,0.5816209832749265,0.7481281643139376,0.05114510596391433,0.4004232635023082,0.45501450980373465,2.201358886317621,0
ET,2.8611617674244676,0.15483875032870295,-0.08304599958753656,-0.04405037059086159,0.119067183171561,0.2030236624512056,3.9256909645223077,0.5255352712785447,-0.3349881231958456,0.7109775021136576,0.0201396641328578,0.499569344846341,0.20421646955545997,0.5024340514702005,1
EVC,2.6385908825462083,0.4660991701995662,0.1202148846190259,0.411167477673068,0.08238991625018523,-0.3268765388966339,3.973735010508929,0.1144158884150974,-0.8363661038972875,0.1387584480988151,0.04718595949894008,0.5781688903160741,0.5423775253841379,1.91316776133869,0
EVR,2.638097698135528,0.2511330518940088,-0.3303448127676916,0.3791959202942474,0.4555634404312887,1.135365992578183,3.948372589360672,1.197073420426244,0.2295369899620109,1.595774384463517,0.03142395507186377,0.4806771738231742,0.3224923480770385,0.6332405297482102,1
F,2.8688292708766103,0.24811331360721003,0.1385463193633107,0.3306613569238104,0.1776107649549715,0.2551984715250648,3.8999349400731327,0.5045358728145161,-0.8404210614475214,0.630708517502701,0.03143788230980364,0.3771432033543518,0.3016057031803304,0.63904681975517,1
FENG,2.417500466451667,0.38407237865687216,-0.08198809952583686,-0.05777782864040892,0.6110898654737027,0.4825174568672861,4.039942699691938,0.6440870064456354,2.787156227314921,1.305045673371982,0.07196585574143209,0.4715990537541756,0.6671979552807248,4.000074418811384,0
FIS,2.78209279509884,0.18367080814340916,-0.2343607480402028,-0.1684157328559999,0.08055469617060428,0.09799657708942577,3.9219737607363214,0.3130260367375347,-0.7074409527260721,0.39953684406966,0.021057638622088856,0.3868967425527367,0.22899984148970837,0.5469058500938575,1
FLC,2.4230960929654404,0.08656938615623512,-0.0929612075642332,0.04572793520799001,0.09876116237877881,0.2027681238876442,3.8975335504461697,0.9428056779718215,-1.283354629374448,1.092164225103511,0.009948198932049415,0.5643312362206248,0.09962124214650359,0.5426406946619183,1
FOR,2.572501861350502,0.22816061681099056,-0.206249027280478,0.3361256517315312,-0.03288175860367965,-0.1885532642709401,3.9822796568072523,-0.08636746006883599,-0.1321056941880284,-0.1283004875379144,0.033781711394190464,0.2835293399362512,0.3226045924371498,0.5043220128169271,1
FSS,2.638148945306016,0.21104891898451963,-1.974419225322208,0.2128950163956094,0.3019174409994433,0.6271767623836628,3.9604457380829943,0.8974508713005153,0.8481340973579685,1.284903968236399,0.028622482225047593,0.3970684312466314,0.28999191139275066,0.6436531076603352,1
FT,2.4644745539707875,0.0812764243372494,-0.00589064158828112,0.0784574038892547,0.1102737317525804,0.2287878445247862,3.903158450105882,0.9902686166704682,-0.6926732925188205,1.302383846268254,0.010779546474297162,0.3086945502700998,0.10558214500566267,0.5302190065362828,1
GD,2.709578501897787,0.1373810582758423,0.03541010033694647,0.2390918554668138,0.1772326025062173,0.3682165947472458,3.942407748568998,0.9122622547462483,-0.1432417859108791,1.203492435314503,0.01626576987308158,0.3921242533978841,0.1775419253256111,0.504995942319203,1
GFF,2.6332782930204153,0.2620625765401062,-0.2858777469907778,0.1088113642336606,0.3070367435326223,0.5569857349164635,3.9442332245981064,0.753606525885294,-0.08469234524473,1.024795339360608,0.031545852002217364,0.4304237206178877,0.3417604781448234,0.6714290344908783,1
GGB,2.843662422342314,0.19340436177051804,0.03949600399084607,0.2903225641055434,0.03571028482464303,-0.05054955530275218,3.9568482900367425,0.1011168944285668,0.4342511571939157,0.1673605778174234,0.03412948368415554,0.2434642274437716,0.3024414460218551,0.6190922641960733,1
GHC,2.403857143257945,0.17204102494149015,4.573632749078342,0.1614968473659202,0.3204809674061901,0.7347067152835163,3.976888457633747,1.100146677270766,0.3583818206292591,1.707169032182462,0.02575444794911309,0.327460559053925,0.255655263363755,0.7470878053577265,1
GIS,2.7958835034770635,0.1408741197795258,-0.1768540969156689,-0.1252540635545599,-0.1308180931760085,-0.2616560033986678,3.8635973693181684,-0.6197611195341839,-0.3930323689054998,-0.8647431199065893,0.023194575670082828,0.2484596517651705,0.19151107936483927,0.5801139432111606,1
GME,2.8611027519209618,0.4660991701995662,-0.4889735792075065,-0.2646866470154966,0.7824882679406531,0.4725490461293467,4.033407031584056,0.6849604787368123,2.93555491369546,1.095308453254972,0.058020717385952374,0.693399191175728,0.6770377302752217,1.932641814899586,0
GNRC,2.692581959274951,0.2426633705233858,-6.987267677307671,0.2568800203079511,0.191616563634477,0.2398201234601882,3.9116979272678356,0.4673263741175212,0.7454175355250143,0.6977022026942302,0.037995038761167436,0.3338538014915109,0.3436090541226868,0.5532519689405185,2
HAE,2.669323604580426,0.29651713690273845,4.573632749078342,0.1825846400847881,0.07786936649761374,-0.03453600270985691,3.927217025743027,0.1775755437511082,1.294207346503732,0.2256000129846451,0.029179267316804428,0.5923264396357556,0.3636106539586496,0.7381811809412033,1
HD,2.7769123084708216,0.13016395615770335,-6.987267677307671,-0.03000320220599806,0.07967464997602708,0.1167011416068322,3.983700210918845,0.3638249397811624,0.0288740846928359,0.5731365908155939,0.020070382899608528,0.2450437819544142,0.198024059453798,0.3836005610720684,2
HIG,2.7266598880375708,0.1536113131484467,2.429399095684886,0.05513208540316161,0.3073019217092532,0.7608583823781592,3.897297176864596,1.486875846743988,-0.5372407684921656,1.850797455435366,0.01908946641958199,0.3473121785383507,0.18786967772725022,0.4010458446535513,1
HII,2.6420551717088827,0.3129020587269806,3.948967235268071,0.4076301203834898,0.2067442451401336,0.3136465942075557,3.931983913359475,0.5762644450321905,-3.017713956934773,0.5627414880017924,0.02235724965818765,0.6705616503543705,0.30657713319135527,0.7220308402835073,1
HIO,2.6326231179678214,0.09543400529463976,-0.02066413356668972,-0.02820516174988363,0.001659768824251391,-0.01044385447776053,3.933139310576979,0.01409456004693648,-1.139137290778399,0.0165751102120356,0.010010175502600022,0.5226385795208545,0.11132626580648389,0.7240575425896714,1
HTZ,2.8309955532094784,0.37480193374510035,-0.1726139378861662,-0.1825273173393773,0.1436800174103485,-0.4298150151928943,4.01461627849385,0.1484237555367954,2.93555491369546,0.3159863377674311,0.07196585574143209,0.527497544120301,0.6770377302752217,1.726741204399292,0
HY,2.5139292154984267,0.3182386605307339,-1.868537030520702,-0.2639837722327284,-0.1489145000669889,-0.405316993531864,3.9022464883467456,-0.3140438482752383,-0.1768368986097969,-0.3974187010827199,0.03652900361903945,0.390596543254272,0.3881044693080293,0.5720820198043324,1
ICL,2.679312344549896,0.22605046666530718,-0.2119024228152231,-0.1631736083475056,0.1066238131895901,0.089668621420119,3.9711484558087213,0.3012454884475094,-0.6448753190582917,0.4203763709022806,0.029565939379359384,0.299966125473158,0.30302127537499896,0.5435831866699836,1
ISD,2.537443813070231,0.10903362946218646,0.03291336951441792,0.07049413497236001,0.1084368771732808,0.2193708307340112,3.8671201355619935,0.846861985445889,-1.688455313456984,0.9412935353980492,0.010851959579080018,0.5540579702915392,0.12048650046376418,0.4887319491023246,1
ITUB,2.8688292708766103,0.16499845763234028,0.09224862305290671,0.1926605865797015,0.1826086434728315,0.3343700301040693,3.9561933127480393,0.6715951117717263,-0.01310153635083517,1.017934781809543,0.026756878385269543,0.2113243493752403,0.24051410791476477,0.4478477205326645,1
JHX,2.7503068013987297,0.3785323308361211,-0.3146996282286167,-0.1727310408667195,-0.1232703575541971,-0.397135024116536,3.93050409196611,-0.2497467806391063,-3.017713956934773,-0.2678974962305195,0.034628848615408506,0.5325087129614204,0.40117683837555285,2.119462381569754,0
KAI,2.5342619160001445,0.2122273089912718,-4.107298938428528,-0.09413065901450812,0.09525553086458584,0.06023172976448099,3.9479604856862855,0.2619945389203279,0.3146735785664808,0.4028929163623448,0.0350912473175118,0.3039333769308155,0.3101123524207953,1.083576376613923,2
KGC,2.8688292708766103,0.265503866628535,0.7123961183353842,0.6868076017348617,0.7824882679406531,2.314350473327317,3.938843844135427,1.586957929660473,-0.333873310728195,2.467519432325362,0.04258237900929369,0.2113243493752403,0.35510558448242924,0.3836005610720684,1
KMI,2.8596550654501303,0.169701477683041,0.02891106957390122,-0.04642233652407723,0.2425299215602474,0.5391549123844621,3.955581183751741,1.096628619538003,-1.102697080012535,1.311319416498849,0.01839638742651731,0.3840881767696027,0.19980088023563625,0.3836005610720684,1
KN,2.6649585205153365,0.18455500923671952,-0.2749283559395401,0.3842364445235733,0.2202046993139867,0.3936764235496653,4.01228573827963,0.6745814900500292,1.049233336429017,1.086448045592351,0.027575852345960807,0.3908540940587905,0.28249231132645014,0.6247817742413289,1
LEA,2.6689912968730636,0.21049681745155038,0.6326646694177924,0.2273922386197611,-0.07185719912105876,-0.2128455085358655,3.845611806508019,-0.2300238594485592,-0.3295026708735992,-0.3067004740939534,0.03141269062824319,0.3096077449735348,0.2718500537254987,0.5226052260583852,1
LLY,2.778345537989757,0.2492484350657974,4.573632749078342,0.4394876027035381,0.3725232266281228,0.8414321128078117,3.9064160444648297,1.042955397255175,-0.2779466493954897,1.316053976498241,0.0339489927015294,0.4284637765704719,0.3054093127887477,0.5884314564455843,1
LOW,2.7607935063372806,0.27407651562764307,-2.794404319100266,-0.1131916679855267,0.2221773072952104,0.1890937519852642,3.8173200213458878,0.6679683581734628,-1.363438259103424,0.7046191803677129,0.04189835871724995,0.2398507722582957,0.287144313988842,0.4540793985302038,2
LVS,2.805558954845976,0.20852226590520592,2.728730381052571,0.657990820971833,0.2521582667129296,0.4564103584030428,3.931622167419975,0.7114117096448579,0.5633815503920411,1.087562440479181,0.029813900795723845,0.3516843422679746,0.3033937930895973,0.4641950016075184,1
MATX,2.6187560997356516,0.23729072395097967,2.0079553418948,-0.02461290537345473,0.1279956226650401,0.1112471061084912,3.9557847744838233,0.3294963922571169,0.7356522108599468,0.4779350713428213,0.03342107491583292,0.4541789235824295,0.32819402610238035,0.7485895327489932,1
MC,2.6754910386864075,0.2129281430450865,-1.006120618549062,0.1281645035853665,0.2032683607130147,0.3037382482216169,3.966324582050312,0.5423791886882392,0.871520020831076,0.8566034979450101,0.03380754563533292,0.3460692136827264,0.31828766772407296,0.5517373058792158,1
MCI,2.4389148343562352,0.19172539641957564,0.1097719854620323,0.07197941201101621,0.1271117173771199,0.2052023873390871,3.838674788343691,0.4971891933761187,-0.5966226195237264,0.6014621954915695,0.025773910942485864,0.3291239839012855,0.2276618564689262,0.7953685106898275,1
MFM,2.5386157570551875,0.07385293083126145,-0.01562535833662704,0.04911591208359667,0.0226724899457131,0.03288202587722244,3.9029702732919773,0.2013608365367532,-0.2347299743983667,0.2957984060553084,0.011323013956341898,0.2172066617385977,0.10669631447608457,0.5713480879001114,1
MHD,2.530376801307929,0.07653351775600556,-0.02982006196026887,0.04573993240629592,0.006849870731928556,0.003442337542766349,3.838337399367359,0.06779135447258273,-0.8943698156087537,0.08612032703388277,0.010224980577460826,0.3730712231477391,0.09625829959384911,0.6332826271550307,1
MMU,2.5579542388066248,0.06556404596294287,-0.008035139286027615,0.04863226965310452,0.02800995024548425,0.04757087667861581,3.9324348291224713,0.2937430924631527,-0.1095633484102747,0.4345314296548001,0.0097524271457202,0.3124451828462534,0.09587406096229618,0.436552617295776,1
MOS,2.7971568777026112,0.2326884407254348,-1.433741963988911,-0.3343300037597405,-0.1428375368496973,-0.3363143967909392,3.9195407355306973,-0.400425339107097,-0.4914932279218514,-0.545205922822828,0.034711706607368435,0.2607871609569857,0.30506599064893336,0.5008850461966682,1
MPV,2.4008602567731643,0.12669990901078831,0.1239990729152716,0.1461888342421793,0.1865160394232009,0.3925362299020747,3.9215050207011806,0.9481246726331582,0.4408889554211263,1.380819459228475,0.018490190469292195,0.3656887730040617,0.179585321723045,0.8752345124462421,1
MRT,2.541604269340258,0.33967361840675575,0.001904258075262621,-0.1740312239204346,0.7824882679406531,2.314350473327317,4.039942699691938,1.088966213725177,2.481959093957302,2.450910051107348,0.05969535068689203,0.4923527550161216,0.6472989925785573,2.209265825046554,0
MTZ,2.6907587863082254,0.27422483374575146,0.8652742510745384,0.3678690460983014,0.7112366827191503,2.314350473327317,3.9730408718177443,1.586957929660473,-0.2483730767989027,2.254240642395974,0.03767474807888136,0.3462793449985869,0.3600018934526445,0.5375615934285953,1
NBHC,2.593917637266625,0.18636128351814144,0.02778386457138282,0.03476084626875697,0.0840607670915572,0.07917632188168344,3.93639858601204,0.2774245565574671,0.5091355748304194,0.4103378034450271,0.028984654394979863,0.3166901435157636,0.26467241433118405,0.597458905170226,1
NCLH,2.8578868877996966,0.31605073095886665,-1.10110169270007,0.04470848923417181,0.1906719153359449,0.1242386722716289,3.9440025617365126,0.3713704684911315,0.2065631957474183,0.5129728185026223,0.04731396910191112,0.3077973466483667,0.4143771313802142,0.4742558741492781,1
NFJ,2.5838467626862456,0.11772089048826094,-0.02693844380747024,0.08029803585720607,0.06101405816225814,0.1021959478507717,3.8553088618760256,0.3958526698717074,-0.132585222390637,0.4883856140653914,0.015428712785767854,0.481810003271442,0.1433496285559614,0.560461307259117,1
NHI,2.586719647312435,0.11921459496910325,0.9582912902753975,0.1041956050322628,0.1989006233786969,0.4238624828280539,3.954062855651362,0.9837591153780644,0.0470348483250755,1.570950315619622,0.019664687731443933,0.2113243493752403,0.18414013123381032,0.5424906621934242,1
NKX,2.5387649964149475,0.07625299673150845,0.02897330315589741,0.0892097872747235,0.06829829405124169,0.1305114217215022,3.9186471902747866,0.6059322618333607,-0.07688753970195263,0.8619649370609975,0.010947004315957983,0.3550998020921988,0.10680392279606066,0.4765177098437397,1
NWN,2.602686845808469,0.15406013209293676,0.8490376085968521,0.2148821153657352,0.1679535266094927,0.3262735182994518,3.882913677662576,0.7476418250680219,-0.524036483859481,1.008360263882721,0.020431712618775057,0.3346870044216108,0.20265049146034148,0.6765920025866647,1
NX,2.6374979903691997,0.2797696865107332,-0.5229719567330005,-0.2049079359046539,-0.2989327217417081,-0.590909093645759,3.944305081958256,-0.6823080601715257,0.6522167100366159,-1.031593241901662,0.04541495197016065,0.3918100150077792,0.3974899354356227,0.8566893133630935,1
OPY,2.451037230185945,0.17542693789609756,-0.6285854648052975,0.06513229868452952,0.3064078777357263,0.6822453286228802,3.9646035908524886,1.033269525497215,0.5177646322115433,1.597914089314548,0.025756289843446842,0.3417895165582699,0.2597007697257654,0.6579093963921411,1
ORC,2.7635526944104445,0.17115039135375712,-0.02354973135133243,0.06952659382814708,-0.0005961748346747809,-0.05981794989911049,3.92547978851587,-0.002415221090635347,-0.400451411347963,-0.003193750406756223,0.02501274399716668,0.3997651424306611,0.2206129019861508,0.6913935244929276,1
OXM,2.622317945924311,0.28912128780940527,-0.6439963047393746,-0.2730044079410527,-0.2989327217417081,-0.5925688836712066,3.962639270311855,-0.638982417738887,1.304329640936797,-0.9718049305462535,0.046045579140501766,0.5003182228834934,0.4120268742165233,0.6397806428021917,1
PAGS,2.7933027383479536,0.25355988131972645,0.1638058911036708,0.1491227712437464,0.08699438949387114,-0.03321038794133735,3.9672298058118107,0.1902630072411286,0.2328632634988285,0.3014311186458848,0.04087653009998365,0.2968836740878826,0.37653894120149434,0.6443438077666696,1
PAI,2.3837002355893846,0.07838450284922559,-0.05757971852735899,0.007269802241998136,0.03305428353381486,0.05499158959278372,3.9133163995438247,0.3012379085528006,-0.3657116437193766,0.4053828627739056,0.010349432319128115,0.3784347351360197,0.10411509073029995,1.299982203807302,1
PBT,2.5525119961561025,0.24856971755284787,-0.03485580466261951,0.5880783580918092,0.1098327753524775,0.04876615166760434,3.9536150365380482,0.2659349822300042,-0.3543961986533627,0.3892153990393458,0.03759387631867629,0.2705664819014349,0.3457194353539976,1.271539524552863,1
PDM,2.6879680566409783,0.2480719443510338,0.05668467124072762,0.1874999473600296,0.2078401152298245,0.3162650522377257,3.928782783889932,0.562247701975324,-0.714805039306918,0.7381940805649021,0.03236654068183575,0.3262165871486681,0.314562053025749,0.612217555351749,1
PFN,2.6139148665196696,0.1035769966666946,-0.02421551486114293,0.01917806340105144,0.03169791588277738,0.05233378735154037,3.8173200213458878,0.2919960652407698,-1.997636176055419,0.2904569814848815,0.010676807739206219,0.603215875530005,0.10305823978884279,0.5386022531474832,1
PSF,2.427302082015377,0.09247213984048623,-0.1201402380440157,0.05379094326009004,0.01624630104752052,0.02084367663747555,3.827064533362783,0.1508848810839897,-1.574451279089575,0.167690628633631,0.009936047023615282,0.4864742810734533,0.10226185667096391,0.5579728301577125,1
RA,2.587990574494147,0.08314654405772998,-0.05490573338966875,0.01856146677908654,0.02412400824743221,0.03782509943125634,3.9112339364755346,0.2330637660727617,-1.141096730793537,0.2782435648944597,0.009698682349061492,0.4961286852053507,0.09849436723060705,0.5127511662760895,1
REVG,2.6763334330343693,0.2700473096449657,-0.9800113593833188,0.4582535515427957,0.7119051912996548,2.294372307138107,4.025081743699519,1.517318267726243,0.3723117457124157,2.29627261177359,0.03683151366423987,0.3073980316971506,0.38470882107196885,0.789174331361867,1
RNP,2.531131806082697,0.12071166639046599,-0.2856329909319939,-0.0445771738580697,0.05502761872436579,0.08112331827489916,3.8788664910703106,0.3112201169893363,-0.2702388435358269,0.4288995833218892,0.017455243453991097,0.3722478087930736,0.162809544463621,0.3863823350098506,1
ROP,2.663083969006813,0.1456916186475657,-6.987267677307671,-0.2125853653703009,-0.07768217765796394,-0.1745532814496515,3.8250911636133678,-0.3975530692682008,-0.6668437202954074,-0.4952976415183895,0.01890518036552833,0.3514041815435415,0.17848150534618898,0.7074843265590806,2
RSG,2.707965556044303,0.1296710143139392,0.1563459241717737,-0.1589104064855673,0.1558490038969684,0.3241825279602553,3.86419662288332,0.9328918628057696,-0.8288386478505222,1.125639158024629,0.016031799459511917,0.3461463490145785,0.1544878478827866,0.4279102661230449,1
RVT,2.5985368950154855,0.139174728436499,-0.0279804916367965,0.1031908014257097,0.1078570715873371,0.1835397335601987,3.9140489002753576,0.5045720827971908,0.3117564791249777,0.7222979556380472,0.020544200834632403,0.3539830936907168,0.19372256015342273,0.4362578236879762,1
RYI,2.6072575662309125,0.28327644046888656,0.05933449991125173,0.05570907136619163,-0.04426420084207927,-0.2657700723253408,3.931699185761255,-0.09375013875679858,-0.04610517142750537,-0.1351693893978964,0.04054252012522777,0.2834375757685645,0.3867244449737733,0.6748949296178964,1
SAFE,2.630625562002898,0.21762960478543736,-0.3148822964809384,-0.06850237973440376,-0.157856236565648,-0.3628847223743292,3.9681360638069028,-0.4228524241597467,-0.02800278512334289,-0.649276053208886,0.033179067892328266,0.2423762018105179,0.31722594743310156,0.4904487264951267,1
SAH,2.582754805699055,0.24410594497685426,-1.766298812645601,-0.1081081022725378,0.1616061610614364,0.1792328882995986,3.9651118873080606,0.4086422255379041,-0.1061827357308359,0.5845139550506272,0.03394583666549856,0.3128740061735358,0.3332320128378977,0.4827084511930689,1
SAIC,2.6430601792860173,0.26655044369188796,-2.860154228141113,-0.139792476208194,-0.1134957390336573,-0.2811040660372691,3.8173200213458878,-0.3519292644994172,-1.404489955349464,-0.3715647765992984,0.02575802762004327,0.4745711690844245,0.2795207719713757,0.716756811123158,2
SCM,2.5625724516204387,0.16059293759666285,-0.08474257860206791,-0.07914763582038908,-0.01011851797354444,-0.05689786021647392,3.8420745686474835,-0.05152197654832504,-1.250352875984787,-0.05808333770792187,0.017920059881103144,0.5178532922318592,0.17931058742217162,0.5469958850671731,1
SEM,2.7054611161446864,0.2902583066838243,0.3691090871046008,0.02311753103425529,0.1864067164136879,0.2259889295653792,3.9062854054715,0.4613952133311599,-1.116760206844784,0.5535089211475724,0.029246831315381815,0.4424598305700023,0.3393300141957683,0.6120422325118562,1
SEMG,2.3971177556899916,0.07866686355503147,0.003072919036039679,0.0609551669159123,0.137903128085934,0.07306478687864537,3.908951935534802,1.145138297858582,-0.2097604126214399,1.684953854662821,0.012703644018449764,0.2279084338693096,0.11370795958723946,4.000074418811384,0
SF,2.668245149462096,0.1951426640415183,1.037416437600143,0.3104189258812093,0.3790976563451916,0.9380460448195094,3.936396683596753,1.261660693614511,0.6643577638846867,1.759281374750443,0.025626733615003065,0.4971705845961529,0.2627296795154966,0.4764500660883977,1
SMHI,2.558256358785511,0.3324550355095998,0.1629597731074544,0.3209647610253985,-0.09564310159380698,-0.4271923000199491,3.979372226850915,-0.1565869318806924,0.3171926626344136,-0.2425106636991207,0.05389910653852142,0.3485816608939464,0.47673017134544776,0.7904826631998286,1
SMI,2.3614619073345384,0.06556404596294287,-0.3511146269271137,-0.04619555104784034,-0.02739221442691735,-0.03235454357023548,3.862332269327972,-0.5407907422226133,-2.319008201536658,-0.5836130366661265,0.009698682349061492,0.5183134784790691,0.09587406096229618,4.000074418811384,0
SPOT,2.7432513211426506,0.23360824527828988,-6.987267677307671,-0.1088244120279941,0.6864383074807074,2.314350473327317,3.9782606312025433,1.586957929660473,0.5285223738834189,2.467519432325362,0.034675821943290885,0.3704626503471051,0.3391230885735159,0.8563397245460569,2
SQNS,2.5560845727247083,0.4660991701995662,-0.5634013695922517,-0.3343300037597405,-0.2875892194251059,-0.6413793352923125,4.0112643724597765,-0.1950561051308199,2.93555491369546,-0.3220574261956078,0.07196585574143209,0.693399191175728,0.6770377302752217,3.91131860220324,0
SSTK,2.6407258608253663,0.26108342905311704,-0.6837054871833139,0.1547420356032045,-0.2743742173157864,-0.5452162461778038,3.9544838933587423,-0.5499585889415279,0.5420075692428759,-0.9196819553830314,0.04579939742564867,0.2982486555745661,0.4047313568981116,0.7898249850651156,1
STI,2.6545209383585497,0.4660991701995662,-0.108791303098867,0.6868076017348617,0.7824882679406531,-0.6413793352923125,4.039942699691938,0.3675786835136859,2.93555491369546,0.8977503087126985,0.07196585574143209,0.693399191175728,0.6770377302752217,4.000074418811384,0
SU,2.7909473800724687,0.18197403365249679,1.067825644507039,0.2218280195071025,0.1909899825415538,0.3577925834094924,3.8984325485681635,0.707875968207916,-0.3606845342386805,0.9569449290782447,0.024927105718344212,0.3496186190675592,0.2388650218652144,0.5085884222811391,1
SUZ,2.7356845729641592,0.1617474173477068,-0.03877679786526755,0.01936219606653933,-0.04773389136761515,-0.1548631085639776,4.002622481671614,-0.1743417545879241,0.6179279727613872,-0.2718899544530421,0.022759272618577932,0.3680234204326029,0.24200059167268728,0.6833452369991435,1
T,2.8688292708766103,0.14632149313938095,-0.006739093655429684,-0.06838524262594259,0.2457598981033503,0.5525059726982899,3.9298333332003157,1.133080299653809,-0.2770833888006106,1.559704151434199,0.02126454821088888,0.2499153689606313,0.19630285638126102,0.4154476422086052,1
TAL,2.816002246764788,0.3224399432392955,-0.1803646130684058,0.08588350204644768,0.1164129686169722,-0.09909910191373184,3.974279130950485,0.1990083650034947,0.6047079691902146,0.3059538034573355,0.05180297024424,0.3476217215738166,0.4605624530943245,0.6661827460328562,1
TEN,2.6119411910434622,0.22567928694653297,0.3595893518804516,0.3575387210784056,0.165664475300165,0.1940516576217215,4.016684063819294,0.4247901497064681,-0.08185529802501512,0.65435106709963,0.03571432724803113,0.3500851813596633,0.3292975094509732,0.5368041474007612,1
TJX,2.8018637605580867,0.10315228301817499,2.402299641752933,0.1829012445127522,0.2853326720476044,0.7061994228085451,3.9771701999148896,1.586957929660473,0.3444481491706364,2.467519432325362,0.016798474689424064,0.2825896288310087,0.16198469856219802,0.3946649275940963,1
TRNO,2.6836221143229797,0.16987072823499802,0.8582426418520797,0.1101485040836343,0.06437525604006601,0.0645981926561836,3.9263248309143948,0.2513992127040752,-0.04870287190157303,0.3476893742729225,0.023693932856647372,0.3487174235422258,0.2279860877665303,1.131916671385458,1
TS,2.732863398916127,0.19466218843865649,0.6455156240686861,0.138731641229231,0.1129210981781885,0.1534270849640407,3.904950781801406,0.3957631742412213,-0.3513019588596842,0.5254575632388623,0.024286605968812422,0.3197211961540088,0.2510115466399741,0.4966492920691453,1
TWN,2.3862558611061595,0.22177180110839378,-0.4866029279642632,0.4422070895706638,0.2913219076472536,0.657151548941374,3.884067886782057,1.10068276947745,-2.683017863824946,1.173329689696491,0.02279123691374401,0.5087268108391977,0.23481423513495808,0.8537681741682857,1
UAN,2.4383379342305753,0.17666773273686318,0.6080221460827602,0.1666062761243641,0.2137575696445164,0.3897523444629747,4.006454689139543,0.6870403023743562,1.425448666592992,1.106207790981463,0.024468237877093044,0.4022560058817779,0.2708879402569645,1.085205595412663,1
UBS,2.7541044225197515,0.18345632421990118,-0.334974600900523,0.2088943972814215,0.1878480612356918,0.3458855670637866,3.902020726740002,0.6834549835873381,-0.2061658821304694,0.9328850555555532,0.026289382588384265,0.3038680168835019,0.24282905142416783,0.710183196187073,1
UNH,2.8246513984357695,0.31693188184404064,-5.611174904628285,0.08220657552054078,-0.1780253030053867,-0.3973060801240956,3.8430286799545113,-0.4620049754168899,-2.335997248164661,-0.4773960396574701,0.03279884816015999,0.5558396519374252,0.3259398249450625,1.262668448727834,2
UNP,2.7650223278563266,0.1253345945352997,1.490980998890137,0.05911646250394642,0.02244238351235021,0.001988186556489246,3.954603179420745,0.1080588497433494,0.5191595971850465,0.1680729162221258,0.018942600299849767,0.3378532414054959,0.18870669320494549,0.4990305612663047,1
VGM,2.575626462694081,0.06556404596294287,-0.001755169265010181,0.05607476172749037,0.03312859967451169,0.05717257767959483,3.8830020336300435,0.3292432262907141,0.1163551404120869,0.4889027694382336,0.010109525007170349,0.3438106650018506,0.09587406096229618,0.9983124324694993,1
VLRS,2.6736415849268513,0.28573950735390996,0.05874343366760115,0.5800866605111321,0.0699217861199861,-0.08749997615814253,3.9399739336961273,0.1452825758421597,-0.1233573693462883,0.2114064470249368,0.04189361321850638,0.3011939905501492,0.392907452536153,0.81437231141931,1
WEC,2.7455348554257495,0.11013949667396568,-0.5118168529990186,0.04513658664897369,0.155236565704782,0.3189360725526027,3.9556007229283563,0.8838339473005709,-0.09285052459718021,1.33326034055478,0.01707624894944546,0.2124757519309673,0.1618126524462106,0.4242654391352901,1
WIW,2.5892737182454275,0.06556404596294287,-0.03291202035324048,0.03634237154996023,0.01794119220350158,0.02910360833051717,3.901522271774328,0.2158623286172707,-0.4930689324855008,0.2864774040076316,0.009698682349061492,0.2999032823578264,0.09587406096229618,0.6788719417953619,1
WLK,2.675836124778775,0.22485771577476188,-2.92741288987952,-0.04324794777705199,-0.2777299967668216,-0.4960398742741233,3.934634355925469,-0.7519951842824547,0.1791271951773625,-1.101471375711213,0.03382886555801597,0.4406184467939765,0.31431731105746974,0.7096836530197064,2
WOR,2.6123401202750403,0.19785683778426216,-0.5165981734606788,-0.06922290653920249,0.1644473079177204,0.2041264037913881,3.9711912885714757,0.4305366889437044,2.200857158453161,0.7516289072938461,0.032517114798650035,0.4403080896865434,0.3235019648890939,1.100215082008625,1
XOM,2.8688292708766103,0.14550545021868083,0.3452290147605481,0.1248907786128148,0.08292760046416978,0.1255461750982669,3.9218476997173966,0.3856351914047079,-0.5586872022792209,0.5294691753659675,0.020960982912283304,0.305901839644359,0.1947782975774114,0.3836005610720684,1
XYL,2.7142589865087343,0.15308429359057416,-1.975621828033212,0.1190930913615458,0.1679294764638693,0.3245762920078277,3.9307740360338426,0.7351066413215879,0.4840450542627999,1.015150618321801,0.01794986192795289,0.3847252181111531,0.2057469712429568,0.4339278991553255,1
ZF,2.597092714434433,0.09731377017276799,0.01030309646219774,0.06774194987333737,0.109444826839058,0.2169117308689028,3.9077593457872735,0.7625906903615038,-0.09665508358405768,1.070824186511813,0.013990126098685126,0.3943828721313256,0.13410871422609133,0.7867670297015906,1
ZTS,2.76330360700127,0.2031112683517376,-3.604954615801063,-0.2434187577551478,-0.1314135282480982,-0.2844303624083683,3.8667930002428696,-0.4829817428021292,-1.214336314270956,-0.5835186523295144,0.026201255665180816,0.3646617833996621,0.24065963158885004,0.508772719225152,2
