Date,Price,Open,High,Low,Vol.,Change %
12/1/2025,27.1,26.03,27.9,25.81,5.52M,4.35%
11/30/2025,25.97,24.56,26,24.56,2.88M,5.78%
11/27/2025,24.55,23.88,24.88,23.6,2.07M,2.85%
11/26/2025,23.87,23.79,23.99,23.5,1.03M,0.34%
11/25/2025,23.79,24.35,24.6,23.74,1.39M,-2.30%
11/24/2025,24.35,25.11,25.29,24.25,1.50M,-2.21%
11/23/2025,24.9,25.64,25.95,24.81,1.02M,-1.62%
11/20/2025,25.31,25,26.04,24.99,4.11M,1.28%
11/19/2025,24.99,25.47,25.7,24.53,4.06M,-1.23%
11/18/2025,25.3,25.68,25.95,25.05,1.42M,-1.48%
11/17/2025,25.68,26.26,26.7,25.03,2.62M,3.46%
11/16/2025,24.82,24.21,25.26,23.95,3.97M,2.63%
11/13/2025,24.18,24.44,24.65,23.95,1.60M,-0.75%
11/12/2025,24.37,23.95,24.82,23.9,4.15M,2.30%
11/11/2025,23.82,22.87,24.45,22.87,6.24M,4.19%
11/10/2025,22.86,23.08,23.34,22.67,2.26M,-13.73%
11/9/2025,26.5,25.98,26.7,25.68,2.61M,2.28%
11/6/2025,25.91,26.31,26.58,25.9,2.00M,-1.41%
11/5/2025,26.28,26.1,26.65,25.91,2.97M,1.08%
11/4/2025,26,26.17,26.4,25.93,1.25M,-0.57%
11/3/2025,26.15,26,26.37,25.89,1.65M,0.58%
11/2/2025,26,26.31,26.65,25.94,1.22M,-0.91%
10/30/2025,26.24,25.9,26.88,25.77,3.56M,1.31%
10/29/2025,25.9,24.85,26.19,24.55,4.51M,3.89%
10/28/2025,24.93,25.13,25.46,24.92,2.17M,-0.40%
10/27/2025,25.03,25.39,25.89,24.8,2.98M,-1.30%
10/26/2025,25.36,25,25.89,25,2.14M,1.89%
10/23/2025,24.89,24.45,25,24.45,1.87M,1.80%
10/22/2025,24.45,24.22,24.99,24.2,3.29M,0.95%
10/21/2025,24.22,24.27,24.42,24,2.63M,-0.12%
10/20/2025,24.25,23.48,24.3,23.35,4.91M,3.46%
10/19/2025,23.44,23.48,23.54,23.3,1.03M,-0.21%
10/16/2025,23.49,23.25,23.55,23.06,680.21K,1.34%
10/15/2025,23.18,23.18,23.25,22.95,432.16K,0.00%
10/14/2025,23.18,23.64,23.68,22.92,1.38M,-1.74%
10/13/2025,23.59,23.25,23.65,23.11,3.22M,1.46%
10/12/2025,23.25,22.81,23.32,22.7,3.19M,1.53%
10/9/2025,22.9,22.8,22.9,22.9,840.52K,0.00%
10/8/2025,22.9,22.75,22.9,22.41,840.52K,0.44%
10/7/2025,22.8,22.71,22.9,22.7,608.51K,0.40%
10/6/2025,22.71,22.9,22.94,22.51,690.05K,-0.83%
10/5/2025,22.9,22,22.92,22,2.58M,4.09%
10/2/2025,22,21.72,22,21.55,1.32M,1.29%
10/1/2025,21.72,21.63,22.1,21.6,1.78M,1.02%
9/30/2025,21.5,20.75,21.52,20.63,2.57M,4.12%
9/29/2025,20.65,20.66,20.75,20.53,601.72K,0.00%
9/28/2025,20.65,20.74,20.75,20.53,294.09K,-0.29%
9/25/2025,20.71,20.65,20.75,20.59,423.97K,0.58%
9/24/2025,20.59,20.3,20.72,20.28,438.96K,1.53%
9/23/2025,20.28,20.69,20.84,20.24,684.68K,-1.98%
9/22/2025,20.69,20.74,20.9,20.5,886.81K,-0.24%
9/21/2025,20.74,20.81,20.98,20.72,695.94K,-0.05%
9/18/2025,20.75,20.35,20.97,20.3,1.81M,2.27%
9/17/2025,20.29,20.25,20.44,20.17,399.04K,-0.49%
9/16/2025,20.39,20.7,20.79,20.25,579.17K,-1.50%
9/15/2025,20.7,20.75,20.85,20.5,599.30K,-0.24%
9/14/2025,20.75,20.45,20.8,20.37,717.29K,1.87%
9/11/2025,20.37,20.5,20.54,20.27,502.87K,-0.39%
9/10/2025,20.45,20.12,20.48,20.11,545.17K,1.79%
9/9/2025,20.09,20.19,20.32,20.02,818.03K,-0.15%
9/8/2025,20.12,20.69,20.77,20.01,1.60M,-2.38%
9/7/2025,20.61,20.74,20.9,20.6,437.92K,-0.53%
9/3/2025,20.72,20.82,21.05,20.71,1.01M,-0.38%
9/2/2025,20.8,20.8,20.9,20.69,878.64K,0.39%
9/1/2025,20.72,20.89,20.93,20.68,643.10K,-0.05%
8/31/2025,20.73,21.3,21.4,20.7,1.78M,-2.22%
8/28/2025,21.2,21.27,21.28,21.17,556.75K,0.19%
8/27/2025,21.16,21.31,21.47,21.11,1.10M,-0.70%
8/26/2025,21.31,21.3,21.55,21.25,1.03M,0.28%
8/25/2025,21.25,21.3,21.85,21.17,1.92M,-0.14%
8/24/2025,21.28,21.6,21.67,21.2,1.27M,-1.48%
8/21/2025,21.6,21.85,21.85,21.51,1.61M,-0.92%
8/20/2025,21.8,22.5,22.6,21.77,3.52M,-3.11%
8/19/2025,22.5,22.79,22.89,22.45,2.12M,-0.88%
8/18/2025,22.7,23.09,23.2,22.61,2.21M,-1.69%
8/17/2025,23.09,22.88,23.1,22.75,1.21M,0.83%
8/14/2025,22.9,22.8,23,22.7,1.68M,0.44%
8/13/2025,22.8,23.1,23.1,22.61,3.61M,-0.87%
8/12/2025,23,22.77,23.05,22.4,6.25M,1.01%
8/11/2025,22.77,23.93,23.93,22.51,10.35M,-4.33%
8/10/2025,23.8,24,24.43,23.7,3.52M,-0.21%
8/7/2025,23.85,23.89,23.96,23.65,661.73K,1.15%
8/6/2025,23.58,24,24.1,23.45,1.23M,-1.71%
8/5/2025,23.99,24.1,24.15,23.82,1.05M,-0.04%
8/4/2025,24,23.89,24,23.71,765.43K,1.10%
8/3/2025,23.74,23.5,24,23.41,575.27K,-0.46%
7/31/2025,23.85,23.2,23.85,23.2,576.98K,3.25%
7/30/2025,23.1,23.91,24,23.02,1.33M,-3.39%
7/29/2025,23.91,23.99,24,23.66,527.22K,0.89%
7/28/2025,23.7,24.48,24.74,23.6,4.39M,-2.43%
7/27/2025,24.29,23.55,24.4,23.55,2.49M,3.14%
7/23/2025,23.55,23.9,24,23.25,2.15M,-0.42%
7/22/2025,23.65,24,24.14,23.3,682.07K,-1.46%
7/21/2025,24,24.45,24.45,23.94,1.17M,-0.83%
7/20/2025,24.2,24.01,24.53,24.01,2.05M,0.83%
7/17/2025,24,23.95,24.38,23.75,651.35K,0.38%
7/16/2025,23.91,24.05,24.49,23.91,3.10M,-0.08%
7/15/2025,23.93,22.99,24.04,22.95,3.44M,4.50%
7/14/2025,22.9,22.54,23.54,22.4,1.62M,1.60%
7/13/2025,22.54,22.61,22.72,22.47,450.17K,0.13%
7/10/2025,22.51,22.87,23,22.39,1.62M,-2.09%
7/9/2025,22.99,23.08,23.29,22.86,712.87K,-1.50%
7/7/2025,23.34,23.4,23.45,22.81,1.94M,0.00%
7/6/2025,23.34,23.35,23.7,23.3,367.11K,0.13%
7/2/2025,23.31,23.1,23.41,23.01,621.55K,0.91%
7/1/2025,23.1,23.2,23.63,22.95,1.01M,0.00%
6/30/2025,23.1,24.1,24.47,23.1,1.13M,-3.95%
6/29/2025,24.05,23.49,24.5,23.31,3.34M,3.17%
6/25/2025,23.31,23,23.36,22.82,933.79K,1.35%
6/24/2025,23,22.63,23.3,22.55,1.54M,3.32%
6/23/2025,22.26,22.3,23.4,22.18,2.71M,-0.04%
6/22/2025,22.27,21.01,22.3,20.75,1.67M,3.58%
6/19/2025,21.5,21.69,21.69,21.01,848.56K,0.00%
6/18/2025,21.5,21.01,21.75,20.91,1.32M,1.42%
6/17/2025,21.2,22.2,22.39,21.2,1.68M,-4.50%
6/16/2025,22.2,22.21,22.8,21.93,2.97M,-0.05%
6/15/2025,22.21,21.55,22.6,21,2.79M,-3.52%
6/12/2025,23.02,24.04,24.04,22.9,3.89M,-4.28%
6/11/2025,24.05,23.95,25,23.95,5.38M,0.42%
6/10/2025,23.95,22.87,24.49,22.33,4.08M,5.60%
6/4/2025,22.68,22.75,22.94,22.35,2.18M,-0.31%
6/3/2025,22.75,22.75,23.13,22.51,1.60M,0.57%
6/2/2025,22.62,21.86,22.97,21.86,4.96M,3.48%
6/1/2025,21.86,21.6,21.9,21.55,962.90K,1.32%
5/29/2025,21.58,21.5,21.8,21.23,1.99M,1.03%
5/28/2025,21.35,21.15,21.55,21,2.66M,1.14%
5/27/2025,21.11,21,21.12,20.88,1.17M,0.81%
5/26/2025,20.94,20.85,21.12,20.73,985.44K,1.06%
5/25/2025,20.73,20.85,20.96,20.7,552.06K,-0.60%
5/22/2025,20.85,20.69,21.02,20.69,1.80M,1.09%
5/21/2025,20.63,20,20.67,20,2.93M,4.67%
5/20/2025,19.7,19.68,19.85,19.58,207.78K,0.10%
5/19/2025,19.68,20,20.14,19.66,380.94K,-1.75%
5/18/2025,20.03,20.36,20.36,19.91,1.07M,-1.55%
5/15/2025,20.35,20.18,20.4,19.99,1.02M,1.09%
5/14/2025,20.13,20.5,20.5,19.98,863.67K,-1.32%
5/13/2025,20.4,20.25,20.63,20.21,2.95M,0.74%
5/12/2025,20.25,19.6,20.55,19.58,2.79M,3.55%
5/11/2025,19.56,19.75,19.86,19.42,903.56K,0.00%
5/8/2025,19.56,19.48,19.64,19.27,991.84K,0.64%
5/7/2025,19.43,20.1,20.19,19.35,1.80M,-3.12%
5/6/2025,20.06,20.15,20.19,20,502.91K,0.05%
5/5/2025,20.05,20.4,20.49,20,3.67M,-1.67%
5/4/2025,20.39,20.75,20.92,20.25,661.98K,-1.55%
4/30/2025,20.71,21,21,20.66,343.02K,-1.24%
4/29/2025,20.97,20.88,21.13,20.81,337.82K,0.46%
4/28/2025,20.88,20.93,20.98,20.82,806.06K,0.19%
4/27/2025,20.83,20.8,20.99,20.7,300.17K,0.68%
4/23/2025,20.69,20.5,20.7,20.5,340.51K,1.27%
4/22/2025,20.43,20.63,20.69,20.27,170.47K,-0.92%
4/17/2025,20.63,20.83,20.83,20.36,799.41K,-0.94%
4/16/2025,20.82,21.02,21.02,20.68,584.56K,-1.44%
4/15/2025,21.13,20.49,21.2,20.48,821.37K,3.10%
4/14/2025,20.49,20.42,20.75,20.38,459.92K,0.59%
4/13/2025,20.37,20.35,20.42,20.25,133.68K,0.54%
4/10/2025,20.26,20.4,20.5,20.23,174.62K,1.81%
4/9/2025,19.9,20.54,20.54,19.78,449.52K,-2.16%
4/8/2025,20.34,20.5,20.6,20.28,562.61K,0.57%
4/7/2025,20.23,20.45,20.45,19.77,1.09M,-1.34%
4/6/2025,20.5,20.66,21,20,867.26K,-3.91%
4/3/2025,21.33,21.5,21.5,21.25,288.34K,-0.72%
3/27/2025,21.49,21.94,21.94,21.41,1.62M,-2.07%
3/26/2025,21.94,21.89,21.94,21.66,359.07K,0.25%
3/25/2025,21.89,21.8,21.95,21.58,524.70K,0.41%
3/24/2025,21.8,21.89,21.99,21.74,947.12K,-0.27%
3/23/2025,21.86,21.63,22.02,21.63,1.29M,1.09%
3/20/2025,21.63,21.5,21.72,21.45,784.62K,0.23%
3/19/2025,21.58,21.5,21.73,21.36,1.07M,0.33%
3/18/2025,21.5,21.5,21.58,21.2,1.05M,0.00%
3/17/2025,21.5,21.6,21.66,21.45,707.87K,-0.46%
3/16/2025,21.6,21.33,21.64,21.31,2.72M,1.48%
3/13/2025,21.28,20.79,21.38,20.75,1.91M,2.58%
3/12/2025,20.75,20.6,20.82,20.5,722.69K,1.24%
3/11/2025,20.5,20.6,20.65,20.45,933.34K,-0.39%
3/10/2025,20.58,20.83,20.91,20.46,918.92K,-0.84%
3/9/2025,20.75,20.75,20.92,20.63,871.13K,0.00%
3/6/2025,20.75,20.51,20.75,20.5,888.69K,1.67%
3/5/2025,20.41,20.33,20.5,20.17,356.57K,0.42%
3/4/2025,20.33,20.43,20.5,20.3,253.65K,-0.47%
3/3/2025,20.42,20.85,20.86,20.41,1.47M,-1.35%
3/2/2025,20.7,20.75,21,20.7,456.12K,-0.26%
2/27/2025,20.75,21.05,21.11,20.71,611.46K,-1.40%
2/26/2025,21.05,20.94,21.4,20.87,2.87M,0.50%
2/25/2025,20.94,20.54,20.94,20.5,2.00M,1.95%
2/24/2025,20.55,20.35,20.6,20.33,543.96K,0.74%
2/23/2025,20.4,20.32,20.5,20.25,661.24K,0.37%
2/20/2025,20.32,20.56,20.69,20.31,626.75K,-1.14%
2/19/2025,20.56,20.51,20.75,20.4,1.44M,0.24%
2/18/2025,20.5,20.5,20.82,20.4,1.27M,0.24%
2/17/2025,20.45,19.63,20.5,19.63,2.15M,4.34%
2/16/2025,19.6,19.4,19.76,19.35,900.27K,1.69%
2/13/2025,19.28,19.24,19.69,19.15,1.41M,0.47%
2/12/2025,19.19,18.9,19.22,18.5,741.30K,0.84%
2/11/2025,19.03,19.55,19.6,18.6,1.57M,-2.59%
2/10/2025,19.53,19.92,19.96,19.52,1.25M,-1.04%
2/9/2025,19.74,19.75,19.84,19.41,2.62M,2.63%
2/6/2025,19.24,19.39,19.5,19.1,444.17K,-1.11%
2/5/2025,19.45,19.42,19.45,19.21,1.53M,0.00%
2/4/2025,19.45,19.26,19.61,19.2,1.78M,1.04%
2/3/2025,19.25,19.25,19.39,19.03,4.74M,-0.52%
2/2/2025,19.35,19.03,19.44,19,1.61M,1.84%
1/30/2025,19,18.55,19.12,18.55,1.47M,2.70%
1/29/2025,18.5,18.35,18.75,18.26,2.06M,0.82%
1/28/2025,18.35,18.5,18.5,18.18,761.11K,-0.27%
1/27/2025,18.4,18.75,18.75,18.4,834.69K,-1.34%
1/26/2025,18.65,18.8,18.92,18.65,1.35M,-0.53%
1/23/2025,18.75,18.95,19.08,18.75,1.51M,-1.06%
1/22/2025,18.95,18.75,18.99,18.58,1.92M,2.38%
1/21/2025,18.51,18.6,18.61,18.49,801.97K,0.05%
1/20/2025,18.5,19.02,19.15,18.5,1.70M,-2.71%
1/19/2025,19.01,19,19.24,18.94,365.89K,0.45%
1/16/2025,18.93,18.7,19.17,18.63,712.30K,1.77%
1/15/2025,18.6,18.5,18.8,18.25,1.24M,0.92%
1/14/2025,18.43,18.73,18.91,18.36,1.39M,-1.52%
1/13/2025,18.72,19.5,19.59,18.56,670.40K,-3.53%
1/12/2025,19.4,19.03,19.65,19.03,1.20M,1.97%
1/9/2025,19.02,19.46,19.49,19.02,503.00K,-1.25%
1/8/2025,19.26,19.58,19.7,19.2,576.47K,-1.58%
1/6/2025,19.58,19.82,19.92,19.46,443.97K,-0.46%
1/5/2025,19.67,19.83,20.08,19.56,328.45K,-0.73%
1/2/2025,19.81,19.28,19.98,19.25,717.90K,2.78%
12/31/2024,19.27,19.1,19.4,19.05,385.81K,0.89%
12/30/2024,19.1,19.23,19.3,19,1.18M,-0.52%
12/29/2024,19.2,19.25,19.25,19.01,302.41K,0.37%
12/26/2024,19.14,19.25,19.33,18.98,1.12M,0.00%
12/25/2024,19.14,19.36,19.46,19.1,539.51K,-0.44%
12/24/2024,19.22,19.43,19.59,18.98,1.38M,-1.08%
12/23/2024,19.43,19.77,19.94,19.3,635.92K,-1.65%
12/22/2024,19.75,19.77,20.09,19.56,985.89K,0.00%
12/19/2024,19.75,19.65,19.9,19.25,1.29M,0.51%
12/18/2024,19.66,20.6,20.82,19.56,1.53M,-4.47%
12/17/2024,20.58,21.13,21.13,20.45,1.18M,-2.37%
12/16/2024,21.08,21.07,21.65,20.85,1.61M,0.02%
12/15/2024,21.07,20.5,21.1,20.25,1.19M,3.08%
12/12/2024,20.44,20.66,20.72,20.4,842.67K,-1.04%
12/11/2024,20.66,20.98,20.98,20.32,997.02K,-0.70%
12/10/2024,20.8,21.8,21.85,20.4,1.98M,-4.04%
12/9/2024,21.67,21.5,21.95,21.5,1.94M,0.56%
12/8/2024,21.56,21.7,21.83,21.48,1.01M,-0.44%
12/5/2024,21.65,22,22.05,21.65,1.39M,-0.71%
12/4/2024,21.81,21.67,22.09,21.67,3.23M,1.04%
12/3/2024,21.58,21.33,21.74,21.25,1.45M,1.55%
12/2/2024,21.25,21.5,21.7,21.25,1.03M,-1.12%
12/1/2024,21.49,21.4,21.55,21.38,624.52K,0.56%
11/28/2024,21.37,21.5,21.57,21.26,540.26K,-0.60%
11/27/2024,21.5,21.63,21.79,21.41,679.43K,-0.32%
11/26/2024,21.57,21.4,21.6,21.38,998.59K,1.03%
11/25/2024,21.35,21.34,21.55,21.2,979.84K,0.59%
11/24/2024,21.23,21.28,21.44,21.21,415.61K,-0.28%
11/21/2024,21.28,21.2,21.33,21.17,319.13K,0.47%
11/20/2024,21.18,21.2,21.44,21.12,538.75K,-0.07%
11/19/2024,21.2,21.25,21.33,21.2,653.54K,-0.24%
11/18/2024,21.25,21.5,21.74,21.25,682.97K,-1.16%
11/17/2024,21.5,21.5,21.54,21.26,1.25M,0.94%
11/14/2024,21.3,21.2,21.32,21.05,1.07M,0.42%
11/13/2024,21.21,21.3,21.42,20.92,1.19M,-0.26%
11/12/2024,21.26,21.31,21.42,20.88,1.61M,-0.12%
11/11/2024,21.29,21.58,21.75,20.94,3.72M,-1.37%
11/10/2024,21.58,21.75,21.98,21.5,1.17M,-0.58%
11/7/2024,21.71,21.75,21.93,21.55,341.24K,-0.23%
11/6/2024,21.76,21.48,21.91,21.41,1.90M,1.33%
11/5/2024,21.48,21.19,21.5,21.01,563.47K,1.92%
11/4/2024,21.07,21.31,21.5,21.03,858.42K,-1.08%
11/3/2024,21.3,20.7,21.77,20.7,3.26M,3.25%
10/31/2024,20.63,20.15,20.73,20,1.09M,2.64%
10/30/2024,20.1,20.42,20.42,20,434.69K,-0.99%
10/29/2024,20.3,20.75,20.85,20.25,1.71M,-2.33%
10/28/2024,20.78,20.9,21.05,20.4,4.31M,-0.31%
10/27/2024,20.85,20.24,21,20.13,4.16M,3.60%
10/24/2024,20.13,20.01,20.3,19.83,2.52M,0.60%
10/23/2024,20,19.4,20.29,19.25,5.50M,3.84%
10/22/2024,19.26,18.61,19.5,18.61,3.39M,4.33%
10/21/2024,18.47,18.4,18.5,17.95,2.85M,0.35%
10/20/2024,18.4,18.59,18.59,18.34,1.34M,-0.54%
10/17/2024,18.5,18.5,18.67,18.25,1.08M,0.33%
10/16/2024,18.44,18.67,18.67,18.32,1.37M,-0.27%
10/15/2024,18.49,18.53,18.69,18.45,1.43M,-0.05%
10/14/2024,18.5,18.75,18.94,18.4,909.64K,-2.96%
10/13/2024,19.07,18.78,19.15,18.25,1.30M,1.52%
10/10/2024,18.78,19.05,19.2,18.55,751.09K,-1.16%
10/9/2024,19,18.6,19.05,18.4,1.17M,2.67%
10/8/2024,18.5,19.23,19.23,18.28,4.28M,-4.32%
10/7/2024,19.34,19.7,19.88,19,3.27M,-1.83%
10/3/2024,19.7,19.81,19.98,19.45,3.52M,-0.48%
10/2/2024,19.8,20.2,20.2,19.75,941.29K,-2.20%
10/1/2024,20.24,20.39,20.45,20.17,1.17M,-0.54%
9/30/2024,20.35,20.25,20.4,20.15,1.01M,1.02%
9/29/2024,20.15,20.2,20.48,20.01,1.18M,-0.27%
9/26/2024,20.2,19.85,20.38,19.85,2.41M,1.76%
9/25/2024,19.85,19.62,19.85,19.53,768.62K,1.72%
9/24/2024,19.51,19.77,19.88,19.48,2.39M,-1.19%
9/23/2024,19.75,19.85,19.98,19.7,1.03M,-0.38%
9/22/2024,19.83,19.7,19.94,19.7,1.57M,0.74%
9/19/2024,19.68,19.58,19.69,19.45,1.21M,0.54%
9/18/2024,19.58,19.49,19.67,19.38,416.01K,0.41%
9/17/2024,19.5,19.5,19.68,19.21,1.02M,0.00%
9/16/2024,19.5,19.65,19.77,19.25,864.18K,-0.56%
9/12/2024,19.6,19.99,20.24,19.6,251.69K,-1.80%
9/11/2024,19.97,19.75,20,19.5,1.68M,1.09%
9/10/2024,19.75,20.51,20.51,19.75,1.69M,-3.56%
9/9/2024,20.48,20.5,20.63,20.25,439.52K,0.61%
9/8/2024,20.35,20.85,21,20.35,655.02K,-2.84%
9/5/2024,20.95,21.42,21.5,20.8,3.32M,-2.22%
9/4/2024,21.42,21,21.42,20.05,3.96M,2.02%
9/3/2024,21,21,21.15,20.67,580.19K,0.00%
9/2/2024,21,21.25,21.4,21,2.37M,-1.15%
9/1/2024,21.25,21.7,21.75,21.05,1.56M,-1.30%
8/29/2024,21.53,22.06,22.5,21.51,932.60K,-2.38%
8/28/2024,22.06,21.51,22.3,21.51,1.15M,1.52%
8/27/2024,21.73,21.3,22,21.3,688.73K,2.14%
8/26/2024,21.27,21.25,21.37,21.15,3.39M,0.21%
8/25/2024,21.23,21.47,21.75,21.15,519.47K,-0.98%
8/22/2024,21.43,21.44,22.06,21.15,2.25M,-0.05%
8/21/2024,21.44,20.5,21.44,20.5,3.47M,4.61%
8/20/2024,20.5,20.01,20.59,19.95,1.32M,1.86%
8/19/2024,20.13,20.39,20.42,19.94,441.29K,-1.30%
8/18/2024,20.39,20.14,20.5,20.14,646.37K,1.27%
8/15/2024,20.14,19.9,20.45,19.67,1.63M,2.23%
8/14/2024,19.69,19.54,19.9,19.48,2.23M,1.03%
8/13/2024,19.5,19.64,20.35,19.27,2.13M,-1.99%
8/12/2024,19.89,20.5,20.6,19.75,1.77M,-2.98%
8/11/2024,20.5,20.13,20.65,20.13,1.63M,2.50%
8/8/2024,20,19.5,20.02,19.35,1.57M,2.56%
8/7/2024,19.5,19.5,19.7,19.27,3.64M,0.59%
8/6/2024,19.39,19.05,19.4,19,2.97M,1.07%
8/5/2024,19.18,18.76,19.5,18.26,3.38M,1.03%
8/4/2024,18.99,19.06,19.35,18.15,1.19M,-2.74%
8/1/2024,19.52,19.74,19.75,19.45,2.63M,-1.14%
7/31/2024,19.75,19.07,19.95,19.07,3.31M,3.62%
7/30/2024,19.06,18.25,19.3,18.15,6.39M,4.41%
7/29/2024,18.25,18.5,18.6,18.1,822.01K,-1.32%
7/28/2024,18.5,18.65,18.75,18.3,1.17M,-0.80%
7/24/2024,18.65,18.95,19,18.61,2.72M,-1.58%
7/23/2024,18.94,17.92,19.02,17.75,6.27M,6.19%
7/22/2024,17.84,17.98,18.33,17.83,1.66M,-0.67%
7/21/2024,17.96,18,18.1,17.85,1.03M,0.14%
7/18/2024,17.93,17.7,18.13,17.69,2.08M,1.36%
7/17/2024,17.69,17.66,17.92,17.5,1.10M,0.37%
7/16/2024,17.63,17.98,17.98,17.61,1.73M,-1.37%
7/15/2024,17.88,18.65,18.65,17.58,2.17M,-4.18%
7/14/2024,18.66,19.5,20.85,18.1,5.35M,2.71%
7/10/2024,18.16,18.03,18.62,18.02,2.91M,1.09%
7/9/2024,17.97,18.31,18.53,17.96,960.61K,-1.39%
7/8/2024,18.22,18.71,18.81,18,2.18M,-2.52%
7/7/2024,18.69,18.58,18.82,18.33,2.44M,1.01%
7/4/2024,18.5,17.86,18.83,17.83,5.28M,3.59%
7/3/2024,17.86,17.83,18,17.8,908.43K,0.16%
7/2/2024,17.83,17.93,18.12,17.73,1.44M,-0.47%
7/1/2024,17.92,17.87,18.31,17.42,4.59M,2.02%
6/27/2024,17.56,17.38,18.03,17.29,4.98M,1.03%
6/26/2024,17.38,17.12,17.67,17.09,5.22M,1.76%
6/25/2024,17.08,16.78,17.27,16.5,4.85M,2.50%
6/24/2024,16.67,16.67,16.87,16.12,5.85M,0.25%
6/23/2024,16.62,16.25,16.62,16.25,713.13K,2.73%
6/13/2024,16.18,15.67,16.2,15.62,665.83K,3.66%
6/12/2024,15.61,15.54,15.71,15.27,1.53M,1.13%
6/11/2024,15.44,15.05,15.69,14.83,734.63K,2.92%
6/10/2024,15,14.61,15.1,14.42,608.74K,2.86%
6/9/2024,14.58,15.62,15.64,14.46,1.50M,-6.07%
6/6/2024,15.52,15.7,15.77,15.52,1.41M,-0.72%
6/5/2024,15.64,16.12,16.18,15.42,1.79M,-2.77%
6/4/2024,16.08,16.04,16.25,15.9,1.67M,1.45%
6/3/2024,15.85,16.14,16.21,15.42,2.06M,-1.09%
6/2/2024,16.03,15.94,16.33,15.94,1.48M,0.81%
5/30/2024,15.9,16.25,16.42,15.42,1.26M,-1.85%
5/29/2024,16.2,16.42,16.56,16.19,605.92K,-1.34%
5/28/2024,16.42,16.47,16.67,16.33,331.29K,-1.72%
5/27/2024,16.71,16.54,16.82,16.46,773.06K,1.52%
5/26/2024,16.46,16.67,16.67,16.21,1.02M,-0.10%
5/23/2024,16.47,16.46,16.9,16.45,1.82M,0.36%
5/22/2024,16.42,16.62,16.94,16.25,1.20M,-1.28%
5/21/2024,16.63,16.88,17.06,16.5,3.06M,-1.51%
5/20/2024,16.88,17.17,17.71,16.75,2.03M,-1.29%
5/19/2024,17.1,16.54,17.62,16.26,3.07M,5.26%
5/16/2024,16.25,15.86,16.54,15.84,3.70M,2.63%
5/15/2024,15.83,15.9,15.9,15.62,869.62K,0.64%
5/14/2024,15.73,15.96,16,15.62,1.98M,-0.63%
5/13/2024,15.83,15.83,15.85,15.25,1.75M,0.18%
5/12/2024,15.8,15.83,16.25,15.6,4.75M,2.38%
5/9/2024,15.44,15.37,15.62,15.21,1.33M,0.14%
5/8/2024,15.42,15.82,15.83,15.09,1.89M,-1.73%
5/7/2024,15.69,14.53,15.81,14.42,4.74M,8.82%
5/2/2024,14.42,14.12,14.81,13.85,5.04M,4.09%
5/1/2024,13.85,13.17,13.96,13.06,10.38M,6.03%
4/30/2024,13.06,14.72,15.42,12.97,6.82M,-10.33%
4/29/2024,14.57,14.38,14.79,14.17,3.22M,1.07%
4/28/2024,14.41,14.82,15.1,14.02,1.18M,-2.62%
4/24/2024,14.8,15.42,15.42,14.58,2.35M,-4.00%
4/23/2024,15.42,16.57,16.86,14.83,2.86M,-6.94%
4/22/2024,16.57,17.18,17.4,16.3,530.16K,-3.59%
4/21/2024,17.18,16.9,17.49,17,1.53M,1.65%
4/18/2024,16.9,17.5,18.12,16.87,1.90M,-3.38%
4/17/2024,17.5,17.8,17.92,17.4,1.18M,-1.69%
4/16/2024,17.8,18.08,18.33,17.58,3.12M,-1.59%
4/15/2024,18.08,17.18,18.32,17,7.18M,5.26%
4/8/2024,17.18,17.04,17.45,16.67,1.44M,0.81%
4/7/2024,17.04,16.33,17.04,16.33,3.68M,4.34%
4/4/2024,16.33,16.05,16.56,16.08,964.70K,1.74%
4/3/2024,16.05,16.67,16.66,15.98,710.42K,-3.67%
4/2/2024,16.67,17,17.83,16.47,2.14M,-1.96%
4/1/2024,17,16.46,17.5,16.37,1.52M,3.29%
3/31/2024,16.46,17.33,17.54,15.87,2.28M,-5.05%
3/28/2024,17.33,18.33,18.35,17.29,1.96M,-5.43%
3/27/2024,18.33,18.95,19.17,17.97,2.21M,-3.30%
3/26/2024,18.95,19.37,19.58,18.95,975.30K,-2.15%
3/25/2024,19.37,18.75,19.58,18.55,3.42M,3.31%
3/24/2024,18.75,19.27,19.56,18.55,456.08K,-2.70%
3/21/2024,19.27,19.27,19.71,19.17,643.67K,0.00%
3/20/2024,19.27,19.17,20.25,19.17,507.71K,0.54%
3/19/2024,19.17,19.68,19.68,18.96,1.14M,-2.60%
3/18/2024,19.68,20,20.05,19.17,609.10K,-1.60%
3/17/2024,20,20.52,21.02,19.67,1.17M,-2.56%
3/14/2024,20.52,20.42,21.04,20,2.42M,0.53%
3/13/2024,20.42,22.08,22.91,20.42,2.24M,-7.55%
3/12/2024,22.08,23.02,23.42,22,1.48M,-4.07%
3/11/2024,23.02,23.75,24.54,22.87,1.89M,-3.05%
3/10/2024,23.75,23.33,24.37,23.3,2.48M,1.79%
3/7/2024,23.33,21.25,23.58,21.5,4.44M,9.81%
3/6/2024,21.25,18.95,22.74,19.17,5.08M,12.12%
3/5/2024,18.95,19.41,19.79,18.88,442.22K,-2.38%
3/4/2024,19.41,17.94,19.58,17.74,1.35M,8.22%
3/3/2024,17.94,18.52,18.93,17.71,2.74M,-3.15%
2/29/2024,18.52,18.72,19.27,18.38,568.55K,-1.07%
2/28/2024,18.72,19.37,19.77,18.54,639.23K,-3.38%
2/27/2024,19.37,19.69,20.41,19.37,519.32K,-1.59%
2/26/2024,19.69,19.58,20.52,19.17,1.69M,0.53%
2/25/2024,19.58,20,20.23,18.79,2.33M,-2.08%
2/22/2024,20,20.33,20.42,19.63,546.78K,-1.64%
2/21/2024,20.33,20.43,20.62,20.21,154.27K,-0.47%
2/20/2024,20.43,20.61,20.71,20.17,292.26K,-0.87%
2/19/2024,20.61,20.73,21.02,20,736.93K,-0.58%
2/18/2024,20.73,20.48,21.04,20.49,469.09K,1.20%
2/15/2024,20.48,20.27,20.73,20.42,452.86K,1.07%
2/14/2024,20.27,19.69,20.52,19.7,638.34K,2.94%
2/13/2024,19.69,19.63,19.99,19.63,963.30K,0.28%
2/12/2024,19.63,19.61,19.7,19.42,299.64K,0.13%
2/11/2024,19.61,19.59,20.18,19.58,685.95K,0.09%
2/8/2024,19.59,19.37,19.75,19.33,825.49K,1.12%
2/7/2024,19.37,19.38,19.69,19.18,430.76K,0.00%
2/6/2024,19.38,19.79,20,18.76,533.57K,-2.08%
2/5/2024,19.79,18.59,19.79,18.5,1.09M,6.45%
2/4/2024,18.59,19.5,19.87,18.35,783.37K,-4.66%
2/1/2024,19.5,18.76,19.58,16.92,1.53M,3.95%
1/31/2024,18.76,20.83,20.83,18.48,1.90M,-9.96%
1/30/2024,20.83,19.88,21.04,19.73,1.79M,4.82%
1/29/2024,19.87,19.58,20,19.28,2.39M,3.97%
1/28/2024,19.12,19.58,19.81,18.48,1.42M,-2.36%
1/24/2024,19.58,18.75,19.58,18.75,531.20K,1.36%
1/23/2024,19.32,19.58,19.58,18.33,1.47M,-1.36%
1/22/2024,19.58,19.54,19.86,19.25,1.59M,0.58%
1/21/2024,19.47,18.97,19.54,18.79,618.56K,2.70%
1/18/2024,18.96,18.33,19.04,18.23,786.81K,3.41%
1/17/2024,18.33,18.74,18.75,18.13,2.16M,-2.33%
1/16/2024,18.77,17.7,18.77,17.6,5.41M,6.60%
1/15/2024,17.61,17.31,17.61,17.29,2.57M,1.73%
1/14/2024,17.31,17.46,17.54,17.21,1.28M,0.65%
1/11/2024,17.2,17.3,17.67,17.05,2.79M,-0.19%
1/10/2024,17.23,16.7,17.71,16.7,5.64M,3.38%
1/9/2024,16.67,16.25,16.67,16.24,2.45M,2.54%
1/8/2024,16.25,16.24,16.71,16.04,3.38M,1.64%
1/4/2024,15.99,16.25,16.25,15.94,1.58M,-0.31%
1/3/2024,16.04,16.46,16.54,15.83,1.98M,-1.81%
1/2/2024,16.34,16.64,16.67,16.19,1.11M,-1.95%
12/31/2023,16.66,16.42,16.66,15.99,1.44M,2.43%
12/28/2023,16.27,15.82,16.42,15.73,1.64M,3.83%
12/27/2023,15.67,16.07,16.45,15.6,3.45M,-1.05%
12/26/2023,15.83,16.68,16.98,15.83,2.42M,-5.00%
12/25/2023,16.67,16.1,16.85,15.83,1.96M,4.38%
12/24/2023,15.97,16.67,16.99,15.83,1.56M,-3.96%
12/21/2023,16.62,17.08,17.29,16.34,1.25M,-1.72%
12/20/2023,16.92,17.22,17.9,16.88,1.79M,-2.05%
12/19/2023,17.27,17.17,17.5,16.71,1.26M,0.61%
12/18/2023,17.17,17.29,18.08,17.08,3.59M,1.88%
12/17/2023,16.85,15.61,17.17,15.46,4.23M,7.81%
12/14/2023,15.63,15.42,15.79,15.17,622.44K,3.48%
12/13/2023,15.1,15.25,15.26,15,858.65K,0.97%
12/12/2023,14.96,15.42,15.79,14.69,1.25M,-2.82%
12/11/2023,15.39,15.67,15.75,14.93,787.51K,-1.78%
12/10/2023,15.67,15.63,16.22,15.62,530.60K,-1.03%
12/7/2023,15.83,15.71,16,15.42,1.09M,0.66%
12/6/2023,15.73,15.92,16.32,15.58,1.10M,-1.20%
12/5/2023,15.92,16.46,16.46,15.92,1.25M,-2.45%
12/4/2023,16.32,15.83,16.46,15.83,1.10M,3.08%
12/3/2023,15.83,16.07,16.35,15.75,332.11K,-1.45%
